idZakupu;cenaNetto;stawkaVAT;kwotaVAT;cenaBrutto;idSprzedawcy_FK;idMiasta_FK;idDaty_FK;idTypuPlatnosci_FK;idTypuEwidencji_FK;idTypuTowaru_FK
1;60,96;23;14,02;74,98;1;25;2;2;1;1
2;342,20;23;78,71;420,91;2;67;2;1;1;1
3;807,48;23;185,72;993,20;3;25;2;3;1;4
4;123,31;23;28,36;151,67;2;67;2;2;1;1
5;23,98;23;5,52;29,50;4;67;2;2;1;1
6;807,48;23;185,72;993,20;3;25;2;3;1;4
7;66,47;23;15,29;81,76;4;67;3;2;1;1
8;807,48;23;185,72;993,20;3;25;3;3;1;4
9;32,43;23;7,46;39,89;4;67;3;2;1;1
10;438,21;23;100,79;539,00;5;67;3;2;1;1
11;57,15;23;13,14;70,29;4;67;3;2;1;1
12;795,14;23;182,88;978,02;3;25;15;3;1;4
13;223,95;23;51,51;275,46;6;67;15;1;1;1
14;41,90;23;9,64;51,54;7;37;15;2;1;1
15;76,64;23;17,63;94,27;4;67;15;3;1;1
16;112,20;23;25,81;138,01;8;67;15;2;1;2
17;33,50;23;7,71;41,21;4;67;15;3;1;1
18;795,14;23;182,88;978,02;3;25;15;2;1;1
19;245,74;23;56,52;302,26;4;67;15;3;1;1
20;77,24;23;17,77;95,01;9;67;15;1;1;1
21;28,04;23;6,45;34,49;4;67;15;1;1;1
22;26,02;23;5,98;32,00;9;67;15;2;1;2
23;234,15;23;53,85;288,00;10;8;15;1;1;1
24;189,51;23;43,59;233,10;1;25;15;2;1;8
25;249,57;23;57,40;306,97;1;25;15;2;1;8
26;57,87;23;13,31;71,18;1;25;15;1;4;1
27;795,14;23;182,88;978,02;3;25;16;2;1;4
28;381,04;23;87,64;468,68;4;67;16;1;1;1
29;163,86;23;37,69;201,55;11;25;16;3;1;1
30;155,89;23;35,85;191,74;11;25;16;2;1;1
31;62,04;23;14,27;76,31;11;25;16;2;1;1
32;51,35;23;11,81;63,16;11;25;16;3;1;1
33;36,99;23;8,51;45,50;12;27;16;3;1;1
34;428,54;23;98,56;527,10;1;25;16;3;1;1
35;165,22;23;38,00;203,22;1;25;16;2;1;8
36;42,19;23;9,70;51,89;11;25;16;3;1;1
37;187,56;23;43,14;230,70;12;27;16;2;1;1
38;436,05;23;100,29;536,34;4;67;16;2;1;1
39;42,19;23;9,70;51,89;11;25;16;1;1;1
40;80,46;23;18,51;98,97;11;25;16;3;1;1
41;84,93;23;19,53;104,46;11;25;16;1;1;1
42;110,80;23;25,48;136,28;11;25;16;3;1;1
43;56,35;23;12,96;69,31;11;25;16;2;1;1
44;210,57;23;48,43;259,00;13;25;17;1;1;1
45;60,97;23;14,02;74,99;4;67;17;3;1;1
46;123,93;23;28,50;152,43;14;25;17;2;1;8
47;129,92;23;29,88;159,80;11;25;17;2;1;1
48;14,76;23;3,39;18,15;11;25;17;1;1;1
49;44,42;23;10,22;54,64;11;25;17;2;1;1
50;159,61;23;36,71;196,32;11;25;17;1;1;1
51;31,83;23;7,32;39,15;11;25;17;2;1;1
52;30,46;23;7,01;37,47;11;25;17;3;1;1
53;163,17;23;37,53;200,70;12;27;17;3;1;1
54;59,35;23;13,65;73,00;12;27;17;3;1;1
55;31,67;23;7,28;38,95;12;27;17;1;1;1
56;760,97;23;175,02;935,99;15;67;17;1;1;8
57;938,21;23;215,79;1154,00;8;67;17;3;1;8
58;114,79;23;26,40;141,19;12;27;17;3;1;1
59;296,75;23;68,25;365,00;16;60;17;1;1;1
60;44,51;23;10,24;54,75;17;25;17;2;1;1
61;132,11;23;30,39;162,50;12;27;17;3;1;1
62;419,57;23;96,50;516,07;4;67;17;1;1;1
63;90,72;23;20,87;111,59;18;25;17;3;2;1
64;112,24;23;25,82;138,06;11;25;17;3;2;1
65;463,19;23;106,53;569,72;4;67;17;1;2;1
66;43,88;23;10,09;53,97;11;25;17;3;2;1
67;107,15;23;24,64;131,79;12;27;17;2;2;1
68;946,60;23;217,72;1164,32;1;25;17;1;2;8
69;77,20;23;17,76;94,96;12;27;17;2;2;1
70;130,08;23;29,92;160,00;12;27;17;1;2;1
71;173,21;23;39,84;213,05;11;25;17;2;2;1
72;127,53;23;29,33;156,86;11;25;17;1;2;1
73;28,46;23;6,55;35,01;19;67;17;1;2;2
74;25,20;23;5,80;31,00;19;67;17;3;2;2
75;369,81;23;85,06;454,87;1;25;17;3;2;1
76;47,99;23;11,04;59,03;12;27;17;3;2;1
77;68,13;23;15,67;83,80;12;27;17;3;2;1
78;196,89;23;45,28;242,17;11;25;17;1;2;1
79;106,74;23;24,55;131,29;20;67;17;1;1;3
80;40,65;23;9,35;50,00;8;67;17;3;1;1
81;795,14;23;182,88;978,02;3;25;17;1;1;4
82;71,76;23;16,50;88,26;11;25;17;2;2;1
83;47,17;23;10,85;58,02;11;25;18;3;1;1
84;259,72;23;59,74;319,46;18;25;18;3;1;1
85;182,40;23;41,95;224,35;18;25;18;2;1;1
86;406,50;23;93,50;500,00;15;67;18;3;1;1
87;87,77;23;20,19;107,96;14;25;18;2;1;1
88;69,11;23;15,90;85,01;10;60;18;2;1;1
89;72,46;23;16,67;89,13;21;2;18;3;1;1
90;269,49;23;61,98;331,47;1;25;18;1;1;1
91;180,10;23;41,42;221,52;10;60;18;2;1;1
92;795,14;23;182,88;978,02;3;25;18;3;1;4
93;49,44;23;11,37;60,81;11;25;18;1;1;1
94;1215,45;23;279,55;1495,00;8;67;18;2;1;8
95;842,28;23;193,72;1036,00;8;67;18;2;1;8
96;116,27;23;26,74;143,01;4;67;18;2;1;1
97;255,28;8;20,42;275,70;1;25;18;3;1;8
98;41,87;23;9,63;51,50;10;60;18;2;1;1
99;72,36;23;16,64;89,00;22;25;18;3;1;6
100;835,77;23;192,23;1028,00;22;25;18;3;1;6
101;79,43;23;18,27;97,70;14;25;18;3;1;8
102;317,14;23;72,94;390,08;1;25;18;3;1;1
103;159,35;23;36,65;196,00;10;60;18;2;1;1
104;123,99;23;28,52;152,51;10;60;18;3;1;1
105;351,01;23;80,73;431,74;1;25;18;3;1;1
106;1498,03;23;344,55;1842,58;1;25;18;3;1;1
107;348,80;23;80,22;429,02;10;60;18;3;2;1
108;226,13;23;52,01;278,14;18;25;18;1;2;1
109;76,42;23;17,58;94,00;10;60;18;1;2;1
110;354,48;23;81,53;436,01;10;60;18;3;2;1
111;49,11;23;11,30;60,41;18;25;18;1;2;1
112;126,52;23;29,10;155,62;11;25;18;2;2;1
113;38,76;23;8,91;47,67;11;25;18;1;2;1
114;17,88;23;4,11;21,99;10;60;18;2;2;1
115;241,24;23;55,49;296,73;1;25;18;2;2;1
116;74,39;23;17,11;91,50;18;25;18;1;2;1
117;110,34;23;25,38;135,72;18;25;18;3;2;1
118;91,72;23;21,10;112,82;18;25;18;2;2;1
119;248,36;23;57,12;305,48;18;25;18;2;2;1
120;356,10;23;81,90;438,00;23;67;18;2;2;1
121;2404,41;23;553,01;2957,42;24;68;18;2;2;1
122;173,83;23;39,98;213,81;4;67;18;1;2;1
123;49,58;23;11,40;60,98;10;60;18;2;2;1
124;75,75;23;17,42;93,17;18;25;18;2;2;1
125;117,89;23;27,11;145,00;25;2;18;1;2;1
126;75,12;23;17,28;92,40;18;25;18;1;2;1
127;254,85;23;58,62;313,47;1;25;18;1;2;1
128;113,67;23;26,14;139,81;18;25;18;1;2;1
129;795,14;23;182,88;978,02;3;25;19;1;1;4
130;57,80;23;13,29;71,09;4;67;19;1;5;1
131;57,80;0;0,00;57,80;4;67;19;3;4;1
132;125,20;0;0,00;125,20;26;67;19;1;4;1
133;125,20;23;28,80;154,00;26;67;19;2;5;1
134;406,50;23;93,50;500,00;15;67;19;3;1;8
135;151,35;23;34,81;186,16;1;25;19;1;2;8
136;106,51;23;24,50;131,01;10;60;19;3;2;1
137;114,84;23;26,41;141,25;1;25;19;2;2;1
138;199,24;23;45,83;245,07;1;25;19;1;2;1
139;68,57;23;15,77;84,34;24;68;19;2;2;1
140;1124,58;23;258,65;1383,23;1;25;19;1;2;1
141;219,51;23;50,49;270,00;23;67;19;2;2;1
142;480,62;23;110,54;591,16;24;25;19;3;2;1
143;78,26;23;18,00;96,26;18;68;19;1;2;1
144;187,80;23;43,19;230,99;24;68;19;3;2;1
145;187,80;23;43,19;230,99;24;68;19;2;2;1
146;187,80;23;43,19;230,99;24;68;19;2;2;1
147;37,97;23;8,73;46,70;18;25;19;2;2;1
148;65,35;23;15,03;80,38;18;25;19;3;2;1
149;136,36;23;31,36;167,72;18;25;19;3;2;1
150;842,11;23;193,69;1035,80;1;25;19;3;2;1
151;32,34;23;7,44;39,78;18;25;19;1;2;1
152;137,11;23;31,54;168,65;4;67;19;3;2;1
153;46,40;23;10,67;57,07;27;67;19;3;2;1
154;175,48;23;40,36;215,84;4;67;19;3;2;1
155;714,94;23;164,44;879,38;63;36;19;2;2;1
156;197,50;23;45,43;242,93;4;67;19;2;2;1
157;126,52;23;29,10;155,62;26;67;19;1;2;1
158;31,29;23;7,20;38,49;26;67;19;2;2;1
159;40,65;23;9,35;50,00;26;67;19;1;2;1
160;73,49;23;16,90;90,39;26;67;19;2;2;1
161;32,93;23;7,57;40,50;10;68;20;2;2;1
162;59,91;23;13,78;73,69;18;25;20;3;2;1
163;65,82;23;15,14;80,96;18;25;20;1;2;1
164;54,98;23;12,65;67,63;18;25;20;2;2;1
165;487,20;23;112,06;599,26;29;67;20;1;5;1
166;25,20;23;5,80;31,00;29;67;20;1;1;1
167;58,5;23;13,46;71,96;14;25;20;2;1;8
168;795,14;23;182,88;978,02;3;25;20;3;1;4
169;77,24;23;17,77;95,01;15;67;20;2;1;8
170;487,2;8;38,98;526,18;29;67;20;2;4;1
171;5447,15;23;1252,84;6699,99;28;69;20;1;2;2
172;63,6;23;14,63;78,23;26;67;20;2;2;1
173;30,6;23;7,04;37,64;26;67;20;3;2;1
174;271,7;23;62,49;334,19;29;67;20;2;2;1
175;82,76;23;19,03;101,79;26;67;20;3;2;1
176;124,99;23;28,75;153,74;26;67;20;3;2;1
177;445,26;23;102,41;547,67;2;67;20;3;2;1
178;79,99;23;18,40;98,39;24;68;20;3;2;1
179;39,5;23;9,09;48,59;18;25;20;2;2;1
180;91,59;23;21,07;112,66;1;25;20;2;2;1
181;117;23;26,91;143,91;30;67;20;2;2;1
182;41,43;23;9,53;50,96;26;67;20;1;2;1
183;322,19;23;74,10;396,29;4;67;20;3;2;1
184;261,37;23;60,12;321,49;1;25;20;2;2;1
185;89,92;8;7,19;97,11;31;25;20;1;2;1
186;25,91;23;5,96;31,87;31;25;20;3;2;1
187;186,76;23;42,95;229,71;1;25;20;2;2;1
188;109,76;23;25,24;135,00;23;67;21;1;2;1
189;14065,2;23;3235,00;17300,20;30;67;21;2;2;8
190;54,48;23;12,53;67,01;32;67;21;1;2;1
191;405,95;23;93,37;499,32;26;67;21;1;2;1
192;93,5;23;21,51;115,01;26;67;21;2;2;1
193;159,84;23;36,76;196,60;26;67;21;2;2;1
194;46,85;23;10,78;57,63;26;67;21;3;2;1
195;203,3;23;46,76;250,06;31;25;21;3;2;1
196;171,54;23;39,45;210,99;4;67;22;1;1;1
197;43,09;23;9,91;53,00;42;67;22;2;1;1
198;268,04;23;61,65;329,69;1;25;22;3;2;1
199;653,56;23;150,32;803,88;1;25;22;2;1;1
200;243,09;23;55,91;299,00;26;67;22;1;2;1
201;223,58;23;51,42;275,00;26;67;22;1;2;1
202;558,47;23;128,45;686,92;1;25;22;1;2;1
203;132,91;23;30,57;163,48;1;25;23;2;1;1
204;3150;23;724,50;3874,50;33;67;23;1;1;1
205;3658,54;23;841,46;4500,00;28;68;23;2;1;8
206;71,34;23;16,41;87,75;29;67;23;3;1;1
207;96,8;23;22,26;119,06;34;67;23;3;1;1
208;54,29;23;12,49;66,78;36;67;23;3;1;1
209;96,85;23;22,28;119,13;26;67;23;3;1;1
210;226,08;23;52,00;278,08;36;67;23;1;1;1
211;276,42;23;63,58;340,00;35;67;23;3;1;1
212;795,14;23;182,88;978,02;3;25;24;3;1;4
213;1030,68;23;237,06;1267,74;30;67;24;1;1;1
214;88,6;23;20,38;108,98;14;25;27;1;1;1
215;52,51;23;12,08;64,59;37;49;27;2;1;1
216;97,56;23;22,44;120,00;38;49;27;2;1;2
217;81,3;23;18,70;100,00;15;67;27;1;1;8
218;3150;23;724,50;3874,50;33;67;27;2;2;1
219;15,46;23;3,56;19,02;39;25;27;1;2;1
220;121,14;23;27,86;149,00;40;67;28;3;1;1
221;86,78;23;19,96;106,74;4;67;28;2;1;2
222;368,82;23;84,83;453,65;20;67;28;3;1;2
223;178,86;23;41,14;220,00;38;49;28;1;1;1
224;65,07;23;14,97;80,04;18;25;28;1;1;1
225;27,76;23;6,38;34,14;18;25;28;2;1;1
226;31,2;23;7,18;38,38;18;25;28;3;1;1
227;50,08;23;11,52;61,60;18;25;28;1;1;1
228;26,82;23;6,17;32,99;38;67;29;3;1;8
229;151,47;23;34,84;186,31;4;67;29;3;1;1
230;238,6;23;54,88;293,48;26;67;29;2;1;1
231;36,36;23;8,36;44,72;18;25;29;1;1;1
232;33,33;23;7,67;41,00;18;25;29;3;1;1
233;97,17;23;22,35;119,52;4;67;29;2;1;1
234;4146,34;23;953,66;5100,00;28;69;29;2;2;1
235;66,85;23;15,38;82,23;1;25;30;3;1;1
236;192,51;23;44,28;236,79;13;25;30;2;1;1
237;1535,77;23;353,23;1889,00;15;67;30;1;1;8
238;88,73;23;20,41;109,14;36;67;30;3;1;1
239;79,36;23;18,25;97,61;41;67;30;2;1;1
240;78;23;17,94;95,94;4;67;30;3;1;1
241;105,67;23;24,30;129,97;1;25;30;3;1;1
242;47,89;23;11,01;58,90;37;49;30;2;1;1
243;76,5;23;17,60;94,10;18;25;30;1;1;1
244;42,31;23;9,73;52,04;18;25;30;3;1;1
245;788,88;23;181,44;970,32;3;25;30;1;1;4
246;21,55;23;4,96;26,51;37;49;30;2;1;1
247;62,31;23;14,33;76,64;1;25;30;2;1;1
248;63,52;23;14,61;78,13;37;49;30;2;1;1
249;95,93;23;22,06;117,99;38;49;30;2;1;2
250;38,44;23;8,84;47,28;1;25;30;1;1;1
251;34,3;23;7,89;42,19;18;25;30;1;1;1
252;97,11;23;22,34;119,45;14;25;30;1;1;1
253;36,59;23;8,42;45,01;42;67;31;3;1;1
254;56,91;23;13,09;70,00;38;49;31;1;1;2
255;56,55;23;13,01;69,56;1;25;31;1;1;8
256;82,46;23;18,97;101,43;18;25;31;1;1;1
257;30,64;23;7,05;37,69;18;25;31;2;1;1
258;600;23;138,00;738,00;49;67;31;1;1;7
259;317,07;23;72,93;390,00;43;67;31;3;1;1
260;109,76;23;25,24;135,00;44;67;31;1;1;6
261;139,63;23;32,11;171,74;45;67;31;1;1;6
262;1829,26;23;420,73;2249,99;46;67;31;1;1;1
263;78,04;23;17,95;95,99;4;67;31;2;1;1
264;81,3;23;18,70;100,00;47;25;31;1;3;9
265;159,44;23;36,67;196,11;48;25;31;2;3;9
266;100;23;23,00;123,00;49;67;32;3;1;7
267;26,38;23;6,07;32,45;50;25;32;2;1;1
268;113,84;23;26,18;140,02;48;25;32;3;1;9
269;38,17;23;8,78;46,95;1;25;32;1;1;1
270;34,04;23;7,83;41,87;18;25;32;1;1;1
271;45,12;23;10,38;55,50;37;49;32;3;1;1
272;40,23;23;9,25;49,48;20;67;32;3;1;8
273;58,28;23;13,40;71,68;4;67;33;1;1;1
274;73,18;23;16,83;90,01;57;25;33;1;1;9
275;65,01;23;14,95;79,96;1;25;33;1;1;1
276;202,44;23;46,56;249,00;13;25;33;1;1;1
277;50;23;11,50;61,50;3;25;33;3;1;4
278;48,02;23;11,04;59,06;18;25;33;3;1;1
279;788,88;23;181,44;970,32;3;25;33;1;1;4
280;100;23;23,00;123,00;49;67;33;3;1;7
281;31,79;23;7,31;39,10;37;49;33;2;1;1
282;64,52;23;14,84;79,36;29;67;33;3;1;1
283;50,08;23;11,52;61,60;26;67;33;2;1;1
284;1365;23;313,95;1678,95;33;67;34;1;1;1
285;59,9;23;13,78;73,68;37;49;34;3;1;1
286;829,27;23;190,73;1020,00;51;6;34;1;1;3
287;28,2;23;6,49;34,69;37;49;34;3;1;1
288;50;23;11,50;61,50;3;67;34;1;1;4
289;28,05;23;6,45;34,50;37;49;34;3;1;1
290;27,71;23;6,37;34,08;1;67;34;2;1;1
291;22,77;23;5,24;28,01;37;49;34;3;1;1
292;100;23;23,00;123,00;49;67;34;2;1;7
293;788,88;23;181,44;970,32;3;25;34;1;1;4
294;79,67;23;18,32;97,99;52;67;34;2;1;1
295;35,41;23;8,14;43,55;1;25;34;2;1;1
296;124,95;23;28,74;153,69;53;49;34;3;1;1
297;975,61;23;224,39;1200,00;54;50;34;2;1;1
298;157,63;23;36,25;193,88;55;25;34;2;1;3
299;81,31;23;18,70;100,01;57;25;34;3;1;9
300;146,34;23;33,66;180,00;42;67;34;3;2;1
301;23,97;23;5,51;29,48;26;67;34;3;2;1
302;100;23;23,00;123,00;49;67;35;2;1;7
303;96,09;23;22,10;118,19;50;25;35;1;1;1
304;141,91;23;32,64;174,55;56;53;35;2;1;1
305;50,41;23;11,59;62,00;56;53;35;3;1;2
306;788,88;23;181,44;970,32;3;25;35;2;1;3
307;103,53;23;23,81;127,34;37;49;35;1;1;1
308;64,89;23;14,92;79,81;37;49;35;3;1;1
309;99,58;23;22,90;122,48;58;7;35;1;1;1
310;86,95;23;20,00;106,95;13;25;35;3;1;1
311;104,88;23;24,12;129,00;13;25;35;1;1;1
312;40,29;23;9,27;49,56;13;25;35;3;1;1
313;83,42;23;19,19;102,61;1;25;35;1;1;1
314;578,79;23;133,12;711,91;1;25;35;1;1;1
315;133,9;23;30,80;164,70;1;25;35;2;1;1
316;93,99;23;21,62;115,61;18;25;35;3;1;1
317;118,2;23;27,19;145,39;57;25;35;1;1;9
318;39,18;23;9,01;48,19;18;25;35;1;1;1
319;63,4;23;14,58;77,98;18;25;36;1;1;1
320;47,77;23;10,99;58,76;18;25;36;1;1;8
321;100;23;23,00;123,00;49;67;36;2;1;7
322;52,38;23;12,05;64,43;18;25;36;2;1;1
323;35,32;23;8,12;43,44;18;25;36;1;1;1
324;60;23;13,80;73,80;59;25;36;2;1;2
325;53,22;23;12,24;65,46;59;25;36;1;1;2
326;57,43;23;13,21;70,64;24;68;36;1;1;1
327;70;23;16,10;86,10;59;25;36;3;1;2
328;89,43;23;20,57;110,00;57;25;36;2;1;9
329;122,2;23;28,11;150,31;37;49;36;2;1;1
330;91,41;23;21,02;112,43;18;25;36;1;1;1
331;55,37;23;12,74;68,11;18;25;36;1;1;1
332;788,88;23;181,44;970,32;3;25;36;1;1;4
333;121,4;23;27,92;149,32;18;25;36;1;1;1
334;58,18;23;13,38;71,56;18;25;36;1;1;1
335;31,86;23;7,33;39,19;4;67;36;3;1;1
336;40,65;23;9,35;50,00;34;67;36;1;1;8
337;2207,71;23;507,77;2715,48;4;67;36;2;1;1
338;47,35;23;10,89;58,24;36;67;36;3;1;1
339;63,39;23;14,58;77,97;36;67;36;2;1;1
340;35,69;23;8,21;43,90;36;67;36;1;1;1
341;200;23;46,00;246,00;4;67;36;2;1;1
342;1009,8;23;232,25;1242,05;4;67;36;3;5;1
343;132,6;23;30,50;163,10;4;67;36;3;5;1
344;1163,7;23;267,65;1431,35;4;67;36;3;5;1
345;903,09;23;207,71;1110,80;4;67;36;1;1;1
346;64,41;23;14,81;79,22;4;67;36;2;1;1
347;24,99;23;5,75;30,74;36;67;36;1;1;1
348;252,22;23;58,01;310,23;4;67;36;2;1;1
349;23,08;23;5,31;28,39;36;67;36;3;1;1
350;43,4;23;9,98;53,38;60;17;36;1;1;1
351;162,6;23;37,40;200,00;4;67;36;1;1;1
352;268,8;23;61,82;330,62;60;17;36;1;1;8
353;100;23;23,00;123,00;60;17;36;2;1;8
354;30;23;6,90;36,90;60;17;36;2;1;8
355;30,23;23;6,95;37,18;4;67;36;3;1;1
356;35,74;23;8,22;43,96;50;25;36;3;1;1
357;107,27;23;24,67;131,94;13;25;36;2;1;1
358;26,3;23;6,05;32,35;13;25;36;2;1;1
359;32,5;23;7,48;39,98;13;25;36;1;1;1
360;45,5;23;10,47;55,97;13;25;36;1;1;1
361;616,23;23;141,73;757,96;13;25;36;3;1;1
362;1044;23;240,12;1284,12;60;17;36;2;1;1
363;313,35;23;72,07;385,42;61;25;36;3;2;1
364;108,15;23;24,87;133,02;1;25;36;2;2;1
365;112;8;8,96;120,96;4;67;36;2;2;1
366;364,17;23;83,76;447,93;4;67;36;2;2;1
367;137,74;23;31,68;169,42;13;25;36;1;2;1
368;66,33;23;15,26;81,59;1;25;36;2;2;1
369;630,08;23;144,92;775,00;4;67;36;2;2;1
370;159,08;23;36,59;195,67;36;67;36;2;2;1
371;9322,3;23;2144,13;11466,43;42;67;36;2;2;8
372;143,6;23;33,03;176,63;36;67;36;2;2;1
373;1009,8;8;80,78;1090,58;4;67;36;1;4;1
374;132,6;8;10,61;143,21;4;67;36;1;4;1
375;1163,7;8;93,10;1256,80;4;67;36;2;4;1
376;471,54;23;108,45;579,99;62;67;37;1;1;3
377;33,71;23;7,75;41,46;13;25;37;2;1;1
378;81,29;23;18,70;99,99;14;25;37;2;1;8
379;82,62;23;19,00;101,62;4;67;37;2;5;1
380;100;23;23,00;123,00;49;67;37;3;1;7
381;39,33;23;9,05;48,38;4;67;37;1;1;1
382;27,54;23;6,33;33,87;4;67;37;2;5;1
383;365,14;23;83,98;449,12;55;25;37;3;1;3
384;788,88;23;181,44;970,32;4;25;37;1;1;7
385;97,76;23;22,48;120,24;57;25;37;3;1;9
386;435;23;100,05;535,05;60;17;37;3;1;8
387;32,51;23;7,48;39,99;13;25;37;3;1;1
388;203,24;23;46,75;249,99;13;25;37;2;1;1
389;89,54;23;20,59;110,13;1;25;37;2;1;1
390;72,21;23;16,61;88,82;18;25;37;2;1;1
391;23,94;23;5,51;29,45;13;25;37;3;1;1
392;61,75;23;14,20;75,95;1;25;37;3;1;1
393;75,56;23;17,38;92,94;14;25;37;2;1;1
394;20,32;23;4,67;24,99;37;49;37;2;1;1
395;23,56;23;5,42;28,98;14;25;37;3;1;1
396;88,58;23;20,37;108,95;1;25;37;2;1;8
397;58,53;23;13,46;71,99;37;49;37;1;1;1
398;203,25;23;46,75;250,00;70;49;37;1;1;1
399;46,33;23;10,66;56,99;50;25;37;1;1;1
400;704,89;23;162,12;867,01;63;36;37;2;1;1
401;30,89;23;7,10;37,99;37;49;37;1;1;1
402;1495,93;23;344,06;1839,99;15;67;37;3;1;1
403;60,95;23;14,02;74,97;7;37;37;1;1;1
404;27,54;8;2,20;29,74;4;25;37;1;4;1
405;88,06;23;20,25;108,31;4;67;37;1;2;1
406;446,33;23;102,66;548,99;7;25;37;3;2;1
407;31,1;23;7,15;38,25;13;37;37;1;2;1
408;189,23;23;43,52;232,75;4;25;37;1;2;1
409;30,73;23;7,07;37,80;13;67;37;2;2;1
410;204,71;23;47,08;251,79;7;37;37;1;2;1
411;47,93;23;11,02;58,95;13;25;37;3;2;1
412;71,47;23;16,44;87,91;7;37;37;2;2;1
413;16,31;23;3,75;20,06;64;67;37;3;2;1
414;35,78;23;8,23;44,01;13;25;37;3;2;1
415;19,51;23;4,49;24,00;37;49;37;3;2;1
416;635,84;23;146,24;782,08;42;67;37;1;2;1
417;10622,15;23;2443,09;13065,24;42;67;37;3;2;1
418;82,62;8;6,61;89,23;4;67;37;3;4;1
419;25,71;23;5,91;31,62;1;25;38;1;1;1
420;100;23;23,00;123,00;49;67;38;2;1;7
421;122,02;23;28,06;150,08;57;25;38;1;1;9
422;390;23;89,70;479,70;65;67;38;1;1;3
423;64,04;23;14,73;78,77;66;67;38;2;1;3
424;89,4;23;20,56;109,96;1;25;38;3;1;1
425;69,11;23;15,90;85,01;37;49;38;3;1;4
426;788,88;23;181,44;970,32;3;25;38;2;1;1
427;39,05;23;8,98;48,03;37;49;38;3;1;1
428;31,53;23;7,25;38,78;13;25;38;1;1;1
429;51,76;23;11,90;63,66;18;25;38;3;1;1
430;54,55;23;12,55;67,10;37;49;38;2;1;1
431;117,86;23;27,11;144,97;1;25;38;3;1;1
432;14,19;23;3,26;17,45;37;25;38;2;1;1
433;105,68;23;24,31;129,99;67;1;38;1;1;6
434;38,77;23;8,92;47,69;1;25;38;3;1;1
435;62,58;23;14,39;76,97;13;25;38;1;1;1
436;771,54;23;177,45;948,99;67;1;38;1;1;6
437;28,06;23;6,45;34,51;68;67;38;3;1;3
438;61,07;23;14,05;75,12;7;37;38;2;1;1
439;122,15;23;28,09;150,24;57;25;38;1;1;9
440;67,76;23;15,58;83,34;13;25;38;3;2;1
441;105,34;23;24,23;129,57;7;25;38;1;2;8
442;42,26;23;9,72;51,98;13;49;38;2;2;1
443;129,05;23;29,68;158,73;1;25;38;1;2;1
444;431,04;23;99,14;530,18;1;25;38;2;2;1
445;39,45;23;9,07;48,52;37;25;38;1;2;1
446;282,8;23;65,04;347,84;13;25;38;2;2;1
447;144,18;23;33,16;177,34;1;25;38;2;2;1
448;852,03;23;195,97;1048,00;1;25;38;2;2;1
449;128,8;23;29,62;158,42;1;25;38;2;2;1
450;129,43;23;29,77;159,20;13;25;38;2;2;1
451;69,47;23;15,98;85,45;13;25;38;3;2;1
452;19,59;23;4,51;24,10;13;25;38;1;2;1
453;169,11;23;38,90;208,01;13;25;39;1;1;1
454;33,04;23;7,60;40,64;13;25;39;1;1;1
455;3041,38;23;699,52;3740,90;86;21;39;3;1;6
456;100;23;23,00;123,00;49;67;39;3;1;7
457;121,96;23;28,05;150,01;48;25;39;3;1;9
458;56,96;23;13,10;70,06;4;67;39;2;1;1
459;104,88;23;24,12;129,00;22;25;39;1;1;6
460;73,17;23;16,83;90,00;4;67;39;1;1;1
461;160,11;23;36,83;196,94;13;25;39;3;1;1
462;81,34;23;18,71;100,05;57;25;39;1;1;9
463;243,92;23;56,10;300,02;69;67;39;1;1;9
464;98,82;23;22,73;121,55;1;25;39;1;1;1
465;162,69;23;37,42;200,11;70;49;39;1;1;1
466;44,54;23;10,24;54,78;37;49;39;2;1;1
467;53,25;23;12,25;65,50;71;49;39;1;1;1
468;181,46;23;41,74;223,20;71;49;39;3;1;1
469;788,88;23;181,44;970,32;3;25;39;1;1;4
470;31,63;23;7,27;38,90;71;49;39;2;1;1
471;121,01;23;27,83;148,84;72;25;39;1;1;9
472;122,3;23;28,13;150,43;70;49;39;2;1;8
473;25,99;23;5,98;31,97;14;25;39;1;1;8
474;42,09;23;9,68;51,77;37;49;39;3;1;1
475;62,27;23;14,32;76,59;37;49;39;1;1;1
476;35,55;23;8,18;43,73;37;49;39;1;1;1
477;50,31;23;11,57;61,88;37;49;39;3;1;1
478;81,41;23;18,72;100,13;72;25;39;1;1;9
479;48,73;23;11,21;59,94;14;25;39;3;1;8
480;81,32;23;18,70;100,02;48;25;39;1;1;9
481;52,89;23;12,16;65,05;37;49;39;3;1;1
482;28,17;23;6,48;34,65;37;49;39;1;1;1
483;474,15;23;109,05;583,20;73;49;39;2;1;1
484;81,11;23;18,66;99,77;57;25;39;1;1;9
485;121,97;23;28,05;150,02;48;25;39;3;1;9
486;187;23;43,01;230,01;48;25;39;3;1;9
487;96,83;23;22,27;119,10;57;25;39;3;1;9
488;32,52;23;7,48;40,00;4;67;39;1;1;1
489;569,11;23;130,90;700,01;74;67;39;3;1;6
490;24,88;23;5,72;30,60;4;67;39;2;1;1
491;13,33;23;3,07;16,40;71;49;39;2;1;1
492;17,07;23;3,93;21,00;13;25;39;2;1;1
493;60,96;23;14,02;74,98;67;1;39;2;1;6
494;239,06;23;54,98;294,04;48;25;39;2;1;9
495;37,62;23;8,65;46,27;53;49;39;2;1;1
496;1666,67;23;383,33;2050,00;75;67;39;2;3;8
497;34,15;23;7,85;42,00;9;67;39;1;2;1
498;27,64;23;6,36;34,00;4;67;39;2;2;1
499;78,11;23;17,97;96,08;13;25;39;1;2;1
500;99,98;23;23,00;122,98;1;25;39;3;2;1
501;53,46;23;12,30;65,76;18;25;39;1;2;1
502;101,73;23;23,40;125,13;1;25;39;2;2;1
503;239,93;23;55,18;295,11;1;25;39;2;2;1
504;20,32;23;4,67;24,99;13;25;39;2;2;1
505;60,9;23;14,01;74,91;13;25;39;1;2;1
506;637,7;23;146,67;784,37;53;49;39;2;2;1
507;201,18;23;46,27;247,45;53;49;39;3;2;1
508;2449,11;23;563,30;3012,41;76;67;39;1;2;1
509;13,41;23;3,08;16,49;71;49;39;3;2;1
510;32,52;23;7,48;40,00;18;25;39;1;2;1
511;25,85;23;5,95;31,80;71;49;39;3;2;1
512;159,61;23;36,71;196,32;4;67;39;2;2;1
513;32929,54;23;7573,79;40503,33;3;25;40;1;1;4
514;203,26;23;46,75;250,01;48;25;40;1;1;9
515;200;23;46,00;246,00;3;25;40;2;1;4
516;100;23;23,00;123,00;49;67;40;2;1;7
517;162,69;23;37,42;200,11;48;25;40;2;1;9
518;122,33;23;28,14;150,47;57;25;40;3;1;9
519;200;23;46,00;246,00;3;25;40;1;1;4
520;81,36;23;18,71;100,07;72;25;40;3;1;9
521;81,32;23;18,70;100,02;72;25;40;1;1;9
522;1595,3;23;366,92;1962,22;3;25;40;1;1;4
523;788,88;23;181,44;970,32;3;25;40;3;1;4
524;48,27;23;11,10;59,37;20;67;40;3;1;2
525;250,16;23;57,54;307,70;48;25;40;2;1;9
526;216,08;23;49,70;265,78;25;2;40;3;1;1
527;154,82;23;35,61;190,43;69;67;40;3;1;9
528;72,5;23;16,68;89,18;48;25;40;3;1;9
529;205,64;23;47,30;252,94;14;25;40;3;1;1
530;178,86;23;41,14;220,00;57;25;40;1;1;9
531;247,15;23;56,84;303,99;77;25;40;1;1;1
532;99,69;23;22,93;122,62;25;2;40;3;1;1
533;105,64;23;24,30;129,94;72;25;40;3;1;9
534;238,22;23;54,79;293,01;69;67;40;3;1;9
535;406,5;23;93,50;500,00;76;67;40;3;2;1
536;60,95;23;14,02;74,97;18;25;40;2;2;1
537;28,84;23;6,63;35,47;13;25;40;2;2;1
538;1914,64;23;440,37;2355,01;64;67;40;1;2;1
539;141,62;23;32,57;174,19;13;25;40;1;2;1
540;96,98;23;22,31;119,29;4;67;40;2;2;1
541;36,59;23;8,42;45,01;9;67;40;2;2;1
542;560,98;23;129,03;690,01;64;67;40;2;2;1
543;54,31;23;12,49;66,80;4;67;40;2;2;1
544;77,23;23;17,76;94,99;9;67;40;1;2;1
545;146,34;23;33,66;180,00;9;67;40;2;2;1
546;11,38;23;2,62;14,00;9;67;40;3;2;1
547;45,5;23;10,47;55,97;50;25;40;2;2;1
548;40,64;23;9,35;49,99;67;1;40;3;2;6
549;240,25;23;55,26;295,51;4;67;40;1;2;1
550;24,39;23;5,61;30,00;9;67;40;3;2;1
551;43,9;23;10,10;54,00;9;67;40;1;2;1
552;97,56;23;22,44;120,00;64;67;40;3;2;1
553;526,83;23;121,17;648,00;13;25;40;1;2;1
554;78,84;23;18,13;96,97;13;25;40;2;2;1
555;650,41;23;149,59;800,00;64;67;40;3;2;1
556;77,22;23;17,76;94,98;68;67;40;2;2;3
557;13;23;2,99;15,99;13;25;40;3;2;1
558;258,6;23;59,48;318,08;78;25;40;1;2;1
559;22,89;23;5,26;28,15;13;25;40;1;2;1
560;124,33;23;28,60;152,93;1;25;40;3;2;1
561;226,29;23;52,05;278,34;25;2;40;1;2;1
562;76,42;23;17,58;94,00;76;67;40;2;2;1
563;121,98;23;28,06;150,04;72;25;41;3;1;9
564;29,86;23;6,87;36,73;1;25;41;3;1;1
565;30,06;23;6,91;36,97;7;37;41;3;1;1
566;100;23;23,00;123,00;49;67;41;2;1;4
567;225,04;23;51,76;276,80;72;25;41;1;1;9
568;59,39;23;13,66;73,05;37;49;41;3;1;1
569;81,3;23;18,70;100,00;72;25;41;1;1;9
570;29,27;23;6,73;36,00;18;25;41;1;1;1
571;238,01;23;54,74;292,75;70;49;41;2;1;1
572;788,88;23;181,44;970,32;3;25;41;3;1;4
573;1595,3;23;366,92;1962,22;3;25;41;3;1;4
574;97,54;23;22,43;119,97;72;25;41;3;1;9
575;130,11;23;29,93;160,04;72;25;41;1;1;9
576;200,9;23;46,21;247,11;48;25;41;1;1;9
577;81,32;23;18,70;100,02;69;67;41;2;1;9
578;1768,36;23;406,72;2175,08;37;49;41;1;1;1
579;29,27;23;6,73;36,00;37;49;41;1;1;1
580;628,91;23;144,65;773,56;37;49;41;3;1;1
581;195,71;23;45,01;240,72;48;25;41;2;1;9
582;831,3;23;191,20;1022,50;15;67;41;1;1;1
583;150,94;23;34,72;185,66;72;25;41;1;1;9
584;284,54;23;65,44;349,98;43;67;41;3;1;1
585;27,26;23;6,27;33,53;20;67;41;2;1;1
586;110,21;23;25,35;135,56;1;25;41;3;1;1
587;265,49;23;61,06;326,55;72;25;41;3;1;9
588;91,67;23;21,08;112,75;4;67;41;2;1;1
589;54,47;23;12,53;67,00;42;67;41;3;1;1
590;93,5;23;21,51;115,01;79;67;41;1;1;1
591;36,57;23;8,41;44,98;14;25;41;2;1;1
592;63,87;23;14,69;78,56;48;25;41;1;1;9
593;293,76;23;67,56;361,32;80;67;41;3;1;3
594;272,32;23;62,63;334,95;48;25;41;2;1;9
595;2682,93;23;617,07;3300,00;43;67;41;1;3;8
596;188,66;23;43,39;232,05;37;49;41;1;2;1
597;25,88;23;5,95;31,83;37;49;41;2;2;1
598;1023,25;23;235,35;1258,60;7;37;41;3;2;1
599;156,18;23;35,92;192,10;13;25;41;1;2;1
600;411,65;23;94,68;506,33;18;25;41;2;2;1
601;100;23;23,00;123,00;49;67;42;3;1;7
602;121,99;23;28,06;150,05;72;25;42;2;1;9
603;45,52;23;10,47;55,99;13;25;42;2;1;1
604;71,55;23;16,46;88,01;37;49;42;3;1;1
605;261,11;23;60,06;321,17;81;49;42;3;1;5
606;81,31;23;18,70;100,01;72;25;42;2;1;9
607;1595,3;23;366,92;1962,22;3;25;42;1;1;4
608;788,88;23;181,44;970,32;3;25;42;1;1;4
609;267,92;23;61,62;329,54;81;49;42;2;1;5
610;113,8;23;26,17;139,97;72;25;42;3;1;9
611;68,13;23;15,67;83,80;57;25;42;3;1;9
612;265,08;23;60,97;326,05;81;49;42;1;1;5
613;203,27;23;46,75;250,02;72;25;42;2;1;9
614;266,68;23;61,34;328,02;82;49;42;3;1;9
615;215,5;23;49,57;265,07;81;49;42;1;1;5
616;121,94;23;28,05;149,99;72;25;42;3;1;9
617;121,95;23;28,05;150,00;66;67;42;3;1;3
618;81,28;23;18,69;99,97;48;25;42;3;1;9
619;1069,92;23;246,08;1316,00;13;25;42;2;2;1
620;129,27;23;29,73;159,00;83;89;42;3;2;1
621;549,84;23;126,46;676,30;84;89;42;3;2;1
622;40,65;23;9,35;50,00;37;49;42;1;2;1
623;143,26;23;32,95;176,21;1;25;42;3;2;1
624;1734,57;23;398,95;2133,52;13;25;42;1;2;1
625;57,45;23;13,21;70,66;1;25;42;2;2;1
626;62,36;23;14,34;76,70;18;25;42;2;2;1
627;611,8;23;140,71;752,51;78;25;42;1;2;1
628;105;23;24,15;129,15;18;25;42;1;2;1
629;460;23;105,80;565,80;18;25;42;2;2;1
630;32,67;23;7,51;40,18;18;25;42;2;2;1
631;258,37;23;59,43;317,80;18;25;42;2;2;1
632;5689,07;23;1308,49;6997,56;85;4;42;2;2;1
633;192,93;23;44,37;237,30;18;25;42;3;2;1
634;34,11;23;7,85;41,96;18;25;42;1;2;1
635;338,5;23;77,86;416,36;18;25;42;2;2;1
636;349,77;23;80,45;430,22;13;25;42;3;2;1
637;179,17;23;41,21;220,38;18;25;42;1;2;1
638;173,06;23;39,80;212,86;13;25;42;2;2;1
639;100;23;23,00;123,00;49;67;43;2;1;7
640;16,26;23;3,74;20,00;49;67;43;2;1;7
641;56,07;23;12,90;68,97;13;25;43;2;2;1
642;81,51;23;18,75;100,26;48;25;43;3;1;9
643;166,09;23;38,20;204,29;53;49;43;3;1;1
644;214,25;23;49,28;263,53;72;25;43;2;1;9
645;298,29;23;68,61;366,90;86;21;43;3;1;6
646;43,05;23;9,90;52,95;88;25;43;3;1;1
647;38,57;23;8,87;47,44;18;25;43;2;1;1
648;14,68;23;3,38;18,06;37;49;43;2;1;1
649;140,85;23;32,40;173,25;1;25;43;1;1;1
650;50,06;23;11,51;61,57;13;25;43;3;1;1
651;243,89;23;56,09;299,98;81;49;43;3;1;5
652;788,88;23;181,44;970,32;3;25;43;1;1;7
653;1595,3;23;366,92;1962,22;3;25;43;2;1;7
654;50,91;23;11,71;62,62;37;49;43;3;1;1
655;139,76;23;32,14;171,90;86;21;43;2;1;6
656;182,59;23;42,00;224,59;37;49;43;1;1;1
657;25,51;23;5,87;31,38;37;49;43;2;1;1
658;97,56;23;22,44;120,00;48;25;43;1;1;9
659;32,52;8;2,60;35,12;48;25;43;3;1;9
660;41,28;23;9,49;50,77;37;49;43;1;1;1
661;774,66;23;178,17;952,83;53;49;43;2;1;1
662;93,09;23;21,41;114,50;37;49;43;2;1;1
663;28,26;23;6,50;34,76;53;49;43;3;1;1
664;88,49;23;20,35;108,84;53;49;43;3;1;1
665;81,3;8;6,50;87,80;48;25;43;3;1;9
666;55,38;23;12,74;68,12;53;49;43;3;1;1
667;37,7;8;3,02;40,72;37;49;43;3;1;1
668;60,37;23;13,89;74,26;18;25;43;3;1;1
669;232,07;23;53,38;285,45;82;49;43;2;1;9
670;446,34;23;102,66;549,00;22;25;43;1;1;6
671;28874,8;23;6641,20;35516,00;87;1;43;3;1;7
672;400;23;92,00;492,00;87;1;43;1;1;7
673;30;23;6,90;36,90;87;1;43;2;1;7
674;81,3;23;18,70;100,00;48;25;43;3;1;9
675;216,72;23;49,85;266,57;69;67;43;2;1;9
676;15,45;23;3,55;19,00;37;49;43;3;2;1
677;42,93;23;9,87;52,80;89;49;43;1;2;1
678;436,39;23;100,37;536,76;41;67;43;3;2;1
679;145,05;23;33,36;178,41;18;25;43;3;2;1
680;198,26;23;45,60;243,86;1;25;43;3;2;8
681;82,7;23;19,02;101,72;41;67;43;3;2;1
682;647,16;23;148,85;796,01;1;25;43;3;2;1
683;143,96;23;33,11;177,07;90;49;43;3;2;2
684;57,95;23;13,33;71,28;37;49;43;2;2;1
685;536,59;23;123,42;660,01;91;25;43;3;2;1
686;108,94;23;25,06;134,00;37;49;43;2;2;1
687;273,57;23;62,92;336,49;18;25;43;2;2;1
688;22,36;23;5,14;27,50;37;49;43;1;2;1
689;30,12;23;6,93;37,05;37;49;43;2;2;1
690;86,02;23;19,78;105,80;89;49;43;1;2;1
691;34,1;23;7,84;41,94;50;25;43;3;2;1
692;168,11;23;38,67;206,78;18;25;43;2;2;1
693;590,4;23;135,79;726,19;1;25;43;3;2;1
694;389,84;23;89,66;479,50;18;25;43;3;2;1
695;138,54;23;31,86;170,40;18;25;43;2;2;1
696;30,41;8;2,43;32,84;18;25;43;2;4;1
697;21,38;8;1,71;23,09;18;25;43;3;4;1
698;179,59;23;41,31;220,90;18;25;43;3;2;1
699;392,55;23;90,29;482,84;1;25;43;1;2;1
700;35,48;23;8,16;43,64;37;49;43;3;2;1
701;405,3;23;93,22;498,52;92;49;43;3;2;1
702;100;23;23,00;123,00;49;67;44;2;1;7
703;81,3;23;18,70;100,00;72;25;44;1;1;9
704;187,16;23;43,05;230,21;81;49;44;1;1;5
705;153,26;23;35,25;188,51;72;25;44;1;1;9
706;202,44;23;46,56;249,00;67;1;44;3;1;6
707;788,88;23;181,44;970,32;3;25;44;2;1;4
708;1595,3;23;366,92;1962,22;3;25;44;3;1;4
709;685,76;23;157,72;843,48;1;25;44;2;1;1
710;130,12;23;29,93;160,05;72;25;44;2;1;9
711;40,72;23;9,37;50,09;48;25;44;3;1;9
712;345,53;23;79,47;425,00;3;25;44;3;1;7
713;162,6;23;37,40;200,00;72;25;44;3;1;9
714;40,65;23;9,35;50,00;48;25;44;2;1;9
715;162,67;23;37,41;200,08;72;25;44;1;1;9
716;102,49;23;23,57;126,06;50;25;44;1;2;1
717;79,64;23;18,32;97,96;4;67;44;1;2;1
718;243,9;23;56,10;300,00;93;67;44;1;2;1
719;243,9;23;56,10;300,00;93;67;44;1;2;1
720;203,25;23;46,75;250,00;4;67;44;2;2;1
721;224,19;23;51,56;275,75;72;25;45;2;1;9
722;203,25;23;46,75;250,00;69;67;45;1;1;9
723;162,61;23;37,40;200,01;72;25;45;1;1;9
724;41,34;23;9,51;50,85;48;25;45;2;1;9
725;105,72;23;24,32;130,04;48;25;45;2;1;9
726;203,24;23;46,75;249,99;72;25;45;3;1;9
727;92,35;23;21,24;113,59;72;25;45;2;1;9
728;81,3;23;18,70;100,00;72;25;45;2;1;9
729;121,9;23;28,04;149,94;72;25;45;3;1;9
730;375,81;23;86,44;462,25;87;1;45;2;1;7
731;203,24;23;46,75;249,99;82;49;45;3;1;9
732;121,97;23;28,05;150,02;72;25;45;1;1;9
733;2796,24;23;643,14;3439,38;94;49;45;1;2;1
734;100;23;23,00;123,00;49;67;45;3;4;7
735;1076,32;23;247,55;1323,87;87;1;45;1;4;4
736;95,93;23;22,06;117,99;79;67;45;2;4;1
737;11778,29;23;2709,01;14487,30;42;67;45;2;2;1
738;74;23;17,02;91,02;35;67;45;1;2;1
739;56,96;23;13,10;70,06;1;25;45;2;2;1
740;48,01;8;3,84;51,85;1;25;45;2;2;1
741;712,72;23;163,93;876,65;37;49;45;2;2;1
742;36,68;23;8,44;45,12;37;49;45;2;2;1
743;338,46;23;77,85;416,31;18;25;45;2;2;1
744;289,44;23;66,57;356,01;95;84;45;3;4;1
745;25,71;23;5,91;31,62;1;25;45;2;2;1
746;321,23;23;73,88;395,11;37;49;45;1;2;1
747;290,41;23;66,79;357,20;18;25;45;3;2;1
748;174,66;23;40,17;214,83;37;49;45;2;4;1
749;91,29;23;21,00;112,29;37;49;45;3;2;1
750;52,2;23;12,01;64,21;96;49;45;3;2;1
751;2222,3;23;511,13;2733,43;64;67;45;2;4;1
752;243,9;23;56,10;300,00;64;67;45;3;2;1
753;1595,3;23;366,92;1962,22;3;25;45;1;2;4
754;66,85;23;15,38;82,23;37;49;45;3;2;1
755;13,82;23;3,18;17,00;37;49;45;3;2;1
756;94,04;23;21,63;115,67;37;49;45;3;2;1
757;64,71;23;14,88;79,59;18;25;45;3;2;1
758;4391,43;23;1010,03;5401,46;64;67;45;1;2;1
759;56,11;23;12,91;69,02;37;49;45;2;2;1
760;48,6;23;11,18;59,78;18;25;45;1;4;1
761;196,07;23;45,10;241,17;18;25;45;1;2;1
762;32,54;23;7,48;40,02;1;25;45;1;4;1
763;155,95;23;35,87;191,82;37;25;45;3;2;8
764;3739,8;23;860,15;4599,95;85;2;45;2;2;1
765;31,67;23;7,28;38,95;37;49;45;1;4;1
766;105,28;23;24,21;129,49;18;25;45;3;2;1
767;44,27;23;10,18;54,45;18;25;45;2;2;1
768;1380,4;23;317,49;1697,89;96;49;45;2;2;1
769;121,94;23;28,05;149,99;72;25;46;1;1;9
770;162,64;23;37,41;200,05;69;67;46;3;1;9
771;73,16;23;16,83;89,99;50;25;46;1;1;1
772;100;23;23,00;123,00;49;67;46;2;1;7
773;1076,32;23;247,55;1323,87;87;1;46;1;1;4
774;3317,08;23;762,93;4080,01;51;6;46;2;1;3
775;81,3;23;18,70;100,00;72;25;46;1;1;9
776;162,61;23;37,40;200,01;72;25;46;1;1;9
777;1595,3;23;366,92;1962,22;3;25;46;2;1;4
778;162,58;23;37,39;199,97;97;21;46;1;1;9
779;38,9;23;8,95;47,85;37;49;46;1;1;1
780;47,51;23;10,93;58,44;37;49;46;3;1;1
781;181,5;23;41,75;223,25;70;49;46;1;1;1
782;569,41;23;130,96;700,37;98;21;46;3;1;8
783;79,77;23;18,35;98,12;37;49;46;2;1;1
784;247,41;23;56,90;304,31;72;25;46;1;1;9
785;35,76;23;8,22;43,98;50;25;46;2;1;1
786;81,31;23;18,70;100,01;50;67;46;3;1;1
787;208,04;23;47,85;255,89;70;49;46;1;1;1
788;197,28;23;45,37;242,65;70;49;46;3;1;1
789;216,28;23;49,74;266,02;72;25;46;1;1;9
790;187,34;23;43,09;230,43;87;1;46;2;1;4
791;483,13;23;111,12;594,25;53;49;46;1;2;1
792;184,01;23;42,32;226,33;18;25;46;3;2;1
793;146,85;23;33,78;180,63;18;25;46;2;2;8
794;666,01;23;153,18;819,19;18;25;46;1;2;1
795;146,48;23;33,69;180,17;18;25;46;1;2;1
796;114,6;23;26,36;140,96;18;25;46;2;2;1
797;589,5;23;135,59;725,09;85;2;46;3;2;1
798;4146,33;23;953,66;5099,99;85;2;46;2;2;1
799;255,23;23;58,70;313,93;85;25;46;2;2;1
800;305,58;23;70,28;375,86;1;25;46;3;2;1
801;44,17;23;10,16;54,33;37;49;46;1;2;1
802;181,57;23;41,76;223,33;69;67;47;2;1;9
803;100;23;23,00;123,00;49;67;47;2;1;7
804;1076,32;23;247,55;1323,87;87;1;47;2;1;4
805;268,67;23;61,79;330,46;72;25;47;2;1;9
806;30,91;23;7,11;38,02;37;49;47;3;1;1
807;292,93;23;67,37;360,30;70;49;47;1;1;8
808;27,16;23;6,25;33,41;37;49;47;2;1;1
809;21,24;23;4,89;26,13;37;49;47;3;1;1
810;162,63;23;37,40;200,03;72;25;47;3;1;9
811;1595,3;23;366,92;1962,22;3;25;47;3;1;4
812;327,78;23;75,39;403,17;99;67;47;1;1;1
813;251,83;23;57,92;309,75;72;25;47;2;1;9
814;26,65;23;6,13;32,78;37;49;47;1;1;1
815;186,99;23;43,01;230,00;87;1;47;1;1;4
816;18,54;23;4,26;22,80;37;49;47;3;1;1
817;50,41;23;11,59;62,00;86;21;47;1;1;1
818;68,93;23;15,85;84,78;37;49;47;3;1;9
819;81,59;23;18,77;100,36;69;67;47;2;1;1
820;340,88;23;78,40;419,28;53;49;47;3;1;1
821;57,14;23;13,14;70,28;18;25;47;1;1;9
822;81,29;23;18,70;99,99;69;67;47;1;1;1
823;39,21;23;9,02;48,23;18;25;47;2;1;1
824;214,15;23;49,25;263,40;70;49;47;2;1;1
825;45,94;23;10,57;56,51;37;49;47;3;1;1
826;71,63;23;16,47;88,10;100;67;47;3;1;6
827;81,51;23;18,75;100,26;72;25;47;3;1;9
828;175,25;23;40,31;215,56;69;67;47;2;1;9
829;81,32;23;18,70;100,02;85;2;47;2;2;1
830;109,8;23;25,25;135,05;6;67;47;1;2;1
831;67,6;23;15,55;83,15;18;25;47;2;2;1
832;25,37;23;5,84;31,21;18;25;47;2;2;1
833;344,22;23;79,17;423,39;1;25;47;3;2;1
834;113,84;23;26,18;140,02;85;2;47;2;2;1
835;75,49;23;17,36;92,85;18;25;47;3;2;1
836;658,06;23;151,35;809,41;53;49;47;1;2;1
837;25,62;23;5,89;31,51;53;49;47;1;2;1
838;443,19;23;101,93;545,12;53;49;47;3;2;1
839;72,4;23;16,65;89,05;18;25;47;3;2;1
840;77,65;23;17,86;95,51;53;49;47;2;2;1
841;179,72;23;41,34;221,06;53;49;47;3;2;1
842;630,66;23;145,05;775,71;1;25;47;3;2;1
843;195,12;23;44,88;240,00;63;36;48;3;1;1
844;62,67;23;14,41;77,08;37;49;48;2;1;1
845;97,6;23;22,45;120,05;70;49;48;1;1;1
846;1076,32;23;247,55;1323,87;87;1;48;1;1;4
847;100;23;23,00;123,00;49;67;48;3;1;7
848;217,07;23;49,93;267,00;18;25;48;1;1;1
849;162,59;23;37,40;199,99;82;49;48;3;1;9
850;522,62;23;120,20;642,82;1;25;48;2;1;1
851;258,81;23;59,53;318,34;72;25;48;3;1;9
852;58,29;23;13,41;71,70;101;76;48;2;1;3
853;284,64;23;65,47;350,11;98;21;48;2;1;1
854;75,51;23;17,37;92,88;53;49;48;3;1;1
855;1595,3;23;366,92;1962,22;3;25;48;2;1;4
856;478,86;23;110,14;589,00;102;25;48;1;1;5
857;18,1;23;4,16;22,26;37;49;48;3;1;1
858;32,48;23;7,47;39,95;50;25;48;3;1;1
859;161,49;23;37,14;198,63;87;1;48;2;1;4
860;306,88;23;70,58;377,46;70;49;48;1;1;1
861;172,3;23;39,63;211,93;72;25;48;2;1;9
862;191,4;23;44,02;235,42;87;1;48;3;1;4
863;201,57;23;46,36;247,93;72;25;48;3;1;9
864;59,2;23;13,62;72,82;18;25;48;3;2;1
865;47,57;23;10,94;58,51;37;49;48;2;2;1
866;19,5;23;4,49;23,99;37;49;48;1;2;1
867;51,73;23;11,90;63,63;53;49;48;3;2;1
868;20,16;23;4,64;24,80;53;49;48;2;2;1
869;117,09;23;26,93;144,02;72;25;49;1;1;9
870;121,16;23;27,87;149,03;63;36;49;2;1;8
871;243,93;23;56,10;300,03;72;25;49;2;1;9
872;1076,32;23;247,55;1323,87;87;1;49;3;1;4
873;100;23;23,00;123,00;49;67;49;3;1;7
874;35,21;23;8,10;43,31;63;36;49;2;1;1
875;319,92;23;73,58;393,50;48;25;49;1;1;9
876;26,66;23;6,13;32,79;37;49;49;1;1;1
877;128,41;23;29,53;157,94;13;25;49;1;1;1
878;1595,3;23;366,92;1962,22;3;25;49;1;1;4
879;46,29;23;10,65;56,94;18;25;49;1;1;1
880;53,53;23;12,31;65,84;37;49;49;1;1;1
881;243,98;23;56,12;300,10;47;25;49;2;1;9
882;26,34;23;6,06;32,40;18;25;49;2;1;1
883;258,15;23;59,37;317,52;104;25;49;2;1;5
884;305,3;23;70,22;375,52;47;25;49;3;1;9
885;25,71;23;5,91;31,62;1;25;49;3;1;1
886;121,98;23;28,06;150,04;47;25;49;2;1;9
887;322,98;23;74,29;397,27;13;25;49;3;1;1
888;131,31;23;30,20;161,51;72;25;49;1;1;9
889;182,37;23;41,95;224,32;1;25;49;1;1;1
890;126,17;23;29,02;155,19;1;25;49;2;1;1
891;663,42;23;152,59;816,01;63;36;49;1;1;1
892;164,09;23;37,74;201,83;63;36;49;2;1;1
893;25,12;23;5,78;30,90;1;25;49;1;1;1
894;51,96;23;11,95;63,91;20;67;49;2;1;2
895;185,55;23;42,68;228,23;87;1;49;2;1;4
896;136,28;23;31,34;167,62;1;25;49;1;2;1
897;208,45;23;47,94;256,39;1;25;49;3;2;1
898;67,08;23;15,43;82,51;1;25;49;2;2;1
899;47,12;23;10,84;57,96;13;25;49;3;2;1
900;64,98;23;14,95;79,93;1;25;49;2;2;1
901;96,31;23;22,15;118,46;1;25;49;3;2;1
902;40,64;23;9,35;49,99;13;25;49;2;2;1
903;1076,32;23;247,55;1323,87;87;1;50;3;1;4
904;107,91;23;24,82;132,73;105;50;50;2;1;1
905;100,82;23;23,19;124,01;105;50;50;2;1;1
906;33,63;23;7,73;41,36;1;25;50;3;1;1
907;216,1;23;49,70;265,80;1;25;50;3;1;1
908;121,93;23;28,04;149,97;47;25;50;1;1;9
909;99,45;23;22,87;122,32;1;25;50;3;1;1
910;34,96;23;8,04;43,00;105;50;50;1;1;8
911;56,04;23;12,89;68,93;105;50;50;1;1;8
912;100;23;23,00;123,00;106;67;50;3;1;7
913;40,56;23;9,33;49,89;50;25;50;2;1;1
914;71,47;23;16,44;87,91;37;49;50;1;1;1
915;1595,3;23;366,92;1962,22;3;25;50;2;1;4
916;73,28;23;16,85;90,13;47;25;50;2;1;9
917;300,5;23;69,12;369,62;1;25;50;2;1;1
918;68,73;23;15,81;84,54;105;50;50;2;1;1
919;226,63;23;52,12;278,75;18;25;50;2;1;1
920;301,82;23;69,42;371,24;70;49;50;3;1;1
921;81,28;23;18,69;99,97;48;25;50;2;1;9
922;148,36;23;34,12;182,48;48;25;50;2;1;9
923;47,96;23;11,03;58,99;63;36;50;1;1;1
924;81,18;23;18,67;99,85;48;25;50;2;1;9
925;49;23;11,27;60,27;63;36;50;2;5;1
926;163,07;23;37,51;200,58;1;25;50;1;1;1
927;124,33;23;28,60;152,93;53;49;50;3;1;1
928;26,86;23;6,18;33,04;53;49;50;3;1;1
929;393,59;23;90,53;484,12;53;49;50;3;1;1
930;121,96;23;28,05;150,01;48;25;50;3;1;9
931;274,1;23;63,04;337,14;4;67;50;1;1;1
932;80,49;23;18,51;99,00;15;67;50;2;1;1
933;29,1;23;6,69;35,79;1;25;50;1;1;1
934;162,85;23;37,46;200,31;48;25;50;1;1;9
935;219,98;23;50,60;270,58;48;25;50;2;1;9
936;49;8;3,92;52,92;63;36;50;3;4;1
937;186,54;23;42,90;229,44;87;1;50;2;1;4
938;293,82;23;67,58;361,40;18;25;50;1;2;1
939;95,58;23;21,98;117,56;105;50;50;2;2;1
940;241,45;23;55,53;296,98;18;25;50;1;2;1
941;25,24;23;5,81;31,05;37;49;50;1;2;1
942;75,48;23;17,36;92,84;18;25;50;1;2;1
943;147,1;23;33,83;180,93;105;50;50;1;2;1
944;61,97;23;14,25;76,22;105;50;50;3;2;1
945;44,71;23;10,28;54,99;105;50;50;2;2;1
946;56,96;23;13,10;70,06;63;36;50;3;2;1
947;40,65;23;9,35;50,00;63;36;50;2;2;1
948;414,31;23;95,29;509,60;53;49;50;2;2;1
949;39,69;23;9,13;48,82;29;25;50;1;2;8
950;70,25;23;16,16;86,41;18;25;50;3;2;1
951;69,5;23;15,99;85,49;18;25;50;3;2;1
952;84,96;23;19,54;104,50;37;49;51;3;1;1
953;1076,32;23;247,55;1323,87;87;1;51;1;1;4
954;783,09;23;180,11;963,20;1;25;51;2;1;1
955;100;23;23,00;123,00;106;67;51;2;1;7
956;49,17;23;11,31;60,48;50;25;51;1;1;1
957;120,66;23;27,75;148,41;1;25;51;1;1;1
958;375,3;23;86,32;461,62;58;7;51;2;1;1
959;272,17;23;62,60;334,77;70;49;51;3;1;1
960;200;23;46,00;246,00;107;67;51;3;5;1
961;1595,3;23;366,92;1962,22;3;25;51;2;1;4
962;144,04;23;33,13;177,17;4;67;51;3;1;1
963;146,41;23;33,67;180,08;57;25;51;3;1;9
964;64,2;23;14,77;78,97;108;49;51;3;1;1
965;272,39;23;62,65;335,04;72;25;51;2;1;9
966;145,46;23;33,46;178,92;18;25;51;2;1;8
967;122;23;28,06;150,06;70;49;51;3;1;1
968;17,89;23;4,11;22,00;37;49;51;1;1;1
969;47,02;23;10,81;57,83;37;49;51;2;1;1
970;275,48;23;63,36;338,84;70;49;51;3;1;1
971;247,79;23;56,99;304,78;48;25;51;2;1;9
972;69,11;23;15,90;85,01;18;25;51;3;1;8
973;243,96;23;56,11;300,07;70;49;51;3;1;1
974;43,09;23;9,91;53,00;109;67;51;3;1;1
975;162,79;23;37,44;200,23;48;25;51;2;1;9
976;176,42;23;40,58;217,00;47;25;51;1;1;9
977;200;5;10,00;210,00;107;67;51;1;4;1
978;66,56;23;15,31;81,87;37;49;51;3;2;1
979;220,49;23;50,71;271,20;18;25;51;1;2;1
980;118,03;23;27,15;145,18;18;25;51;3;2;1
981;123,17;23;28,33;151,50;18;25;51;3;2;1
982;219,27;23;50,43;269,70;1;25;51;2;2;1
983;415,45;23;95,55;511,00;58;7;51;2;2;1
984;144,6;23;33,26;177,86;108;49;51;1;2;1
985;211,05;23;48,54;259,59;58;7;51;3;2;1
986;160,06;23;36,81;196,87;18;25;51;2;2;1
987;185,2;23;42,60;227,80;18;25;51;3;2;1
988;36,36;23;8,36;44,72;37;49;51;3;2;1
989;117,96;23;27,13;145,09;18;25;51;1;2;1
990;140,77;23;32,38;173,15;18;25;51;1;2;1
991;1012,45;23;232,86;1245,31;4;67;51;2;2;1
992;1057,2;23;243,16;1300,36;107;67;51;2;2;1
993;772,34;23;177,64;949,98;107;67;51;1;2;1
994;27,44;23;6,31;33,75;18;25;51;1;2;1
995;226,59;23;52,12;278,71;18;25;51;1;2;1
996;61,46;23;14,14;75,60;18;25;51;2;2;1
997;61,41;23;14,12;75,53;37;49;51;2;2;1
998;81,43;23;18,73;100,16;1;25;51;1;2;1
999;55,28;23;12,71;67,99;1;25;51;1;2;1
1000;120,32;23;27,67;147,99;63;36;51;3;2;1
1001;1592,68;23;366,32;1959,00;99;67;51;1;2;8
1002;161,42;23;37,13;198,55;6;67;51;1;2;1
1003;186,04;23;42,79;228,83;58;7;51;1;2;1
1004;327,82;23;75,40;403,22;4;67;52;3;1;1
1005;521,18;23;119,87;641,05;6;67;52;2;1;8
1006;69,11;23;15,90;85,01;2;67;52;1;1;1
1007;97,02;23;22,31;119,33;48;25;52;1;1;9
1008;100;23;23,00;123,00;106;67;52;2;1;7
1009;1076,32;23;247,55;1323,87;87;1;52;1;1;4
1010;250,68;23;57,66;308,34;72;25;52;3;1;9
1011;118,4;23;27,23;145,63;109;49;52;2;1;5
1012;3,4;23;0,78;4,18;41;67;52;1;1;1
1013;164,75;23;37,89;202,64;41;67;52;3;1;1
1014;24,31;23;5,59;29,90;18;25;52;2;2;1
1015;123,17;23;28,33;151,50;18;25;52;3;2;1
1016;942,43;23;216,76;1159,19;103;1;52;3;1;4
1017;37,08;23;8,53;45,61;37;49;52;1;1;1
1018;39,85;23;9,17;49,02;1;25;52;1;1;1
1019;73,35;23;16,87;90,22;69;67;52;3;1;9
1020;1595,3;23;366,92;1962,22;3;25;52;3;1;4
1021;81,19;23;18,67;99,86;48;25;52;1;1;9
1022;29,7;23;6,83;36,53;37;49;52;3;1;1
1023;272,33;23;62,64;334,97;70;49;52;3;1;1
1024;1327,83;23;305,40;1633,23;111;10;52;1;1;3
1025;65,04;23;14,96;80,00;112;25;52;2;1;8
1026;175,5;23;40,37;215,87;87;1;52;2;1;4
1027;101,63;23;23,37;125,00;79;67;52;1;1;1
1028;117,94;23;27,13;145,07;4;67;52;3;1;1
1029;390,46;23;89,81;480,27;98;21;52;1;1;1
1030;23,29;23;5,36;28,65;17;25;52;1;1;1
1031;280,48;23;64,51;344,99;17;25;52;3;1;1
1032;176,51;23;40,60;217,11;63;36;52;2;1;8
1033;56,89;23;13,08;69,97;17;25;52;1;1;1
1034;120,95;23;27,82;148,77;17;25;52;1;1;1
1035;156,77;23;36,06;192,83;48;25;52;1;1;9
1036;280,28;23;64,46;344,74;72;25;52;3;1;9
1037;74,54;23;17,14;91,68;37;49;52;2;1;1
1038;121,95;23;28,05;150,00;87;1;52;3;1;4
1039;254,26;23;58,48;312,74;70;49;52;1;1;1
1040;185,5;23;42,67;228,17;48;25;52;2;1;9
1041;206,12;23;47,41;253,53;113;49;52;1;2;1
1042;785,16;23;180,59;965,75;18;25;52;2;2;1
1043;12,44;23;2,86;15,30;108;49;52;1;2;1
1044;585,11;23;134,58;719,69;1;25;52;1;2;1
1045;65,04;23;14,96;80,00;114;25;52;1;2;1
1046;68,28;23;15,70;83,98;17;25;52;1;2;1
1047;101,63;23;23,37;125,00;79;67;52;2;1;1
1048;117,94;23;27,13;145,07;4;67;52;2;1;1
1049;390,46;23;89,81;480,27;98;21;52;3;1;1
1050;23,29;23;5,36;28,65;17;25;52;2;1;1
1051;280,48;23;64,51;344,99;17;25;52;2;1;1
1052;176,51;23;40,60;217,11;63;36;52;3;1;1
1053;56,89;23;13,08;69,97;17;25;52;1;1;1
1054;120,95;23;27,82;148,77;17;25;52;1;1;1
1055;156,77;23;36,06;192,83;48;25;52;1;1;9
1056;280,28;23;64,46;344,74;72;25;52;1;1;9
1057;74,54;23;17,14;91,68;37;49;52;2;1;1
1058;121,95;23;28,05;150,00;87;1;52;1;1;4
1059;254,26;23;58,48;312,74;70;49;52;3;1;1
1060;185,5;23;42,67;228,17;48;25;52;1;1;9
1061;206,12;23;47,41;253,53;113;49;52;1;2;1
1062;785,16;23;180,59;965,75;18;25;52;2;2;8
1063;12,44;23;2,86;15,30;108;49;52;1;2;1
1064;585,11;23;134,58;719,69;1;25;52;2;2;1
1065;65,04;23;14,96;80,00;114;25;52;2;2;1
1066;68,28;23;15,70;83,98;17;25;52;2;2;1
1067;80,03;23;18,41;98,44;107;67;52;3;2;1
1068;189,68;23;43,63;233,31;48;25;53;1;1;9
1069;81,3;23;18,70;100,00;72;25;53;3;1;9
1070;1076,32;23;247,55;1323,87;87;1;53;3;1;4
1071;163,07;23;37,51;200,58;47;25;53;2;1;9
1072;244,34;23;56,20;300,54;72;25;53;3;1;9
1073;221,78;23;51,01;272,79;69;67;53;3;1;9
1074;270,11;23;62,13;332,24;82;49;53;1;1;9
1075;61,86;23;14,23;76,09;63;36;53;2;5;1
1076;410,52;23;94,42;504,94;100;67;53;3;1;6
1077;100;23;23,00;123,00;106;67;53;3;1;7
1078;1595,3;23;366,92;1962,22;3;25;53;2;1;4
1079;148,81;23;34,23;183,04;115;26;53;2;1;1
1080;173,67;23;39,94;213,61;1;25;53;3;1;1
1081;20,68;23;4,76;25,44;115;26;53;1;1;1
1082;119,89;23;27,57;147,46;69;67;53;1;1;9
1083;38,74;23;8,91;47,65;63;36;53;2;1;1
1084;76,22;23;17,53;93,75;63;36;53;1;1;1
1085;62,14;23;14,29;76,43;63;36;53;2;1;1
1086;181,96;23;41,85;223,81;1;25;53;1;1;8
1087;115,9;23;26,66;142,56;69;67;53;1;1;9
1088;210,12;23;48,33;258,45;72;25;53;3;1;9
1089;24,71;23;5,68;30,39;18;25;53;3;1;1
1090;17,07;23;3,93;21,00;37;49;53;1;1;1
1091;122,05;23;28,07;150,12;82;49;53;1;1;9
1092;189;23;43,47;232,47;87;1;53;1;1;4
1093;17,99;23;4,14;22,13;37;49;53;3;1;1
1094;150;23;34,50;184,50;128;2;53;3;1;8
1095;71,1;23;16,35;87,45;37;49;53;3;1;1
1096;237;23;54,51;291,51;69;67;53;1;1;9
1097;813,01;23;186,99;1000,00;17;25;53;2;2;1
1098;61,86;8;4,95;66,81;63;36;53;3;4;1
1099;50,91;23;11,71;62,62;4;67;53;1;2;1
1100;40,64;23;9,35;49,99;63;36;53;1;2;1
1101;38,38;23;8,83;47,21;63;36;53;1;2;1
1102;21;23;4,83;25,83;115;26;53;2;2;1
1103;270;23;62,10;332,10;116;67;53;2;2;1
1104;32,93;23;7,57;40,50;37;49;53;3;2;8
1105;36,42;23;8,38;44,80;1;25;53;1;2;1
1106;112,48;23;25,87;138,35;117;25;53;2;2;8
1107;1076,32;23;247,55;1323,87;87;1;54;1;1;4
1108;121,84;23;28,02;149,86;69;67;54;3;1;9
1109;101,68;23;23,39;125,07;48;25;54;3;1;9
1110;100;23;23,00;123,00;106;67;54;3;1;7
1111;25,5;23;5,87;31,37;37;49;54;2;1;1
1112;230,07;23;52,92;282,99;48;25;54;1;1;9
1113;244,11;23;56,15;300,26;82;49;54;1;1;9
1114;1819,68;23;418,53;2238,21;17;25;54;2;1;1
1115;162,86;23;37,46;200,32;69;67;54;1;1;9
1116;32,85;23;7,56;40,41;13;25;54;3;1;1
1117;74,27;23;17,08;91,35;37;49;54;3;1;1
1118;1595,3;23;366,92;1962,22;3;25;54;2;1;4
1119;268,17;23;61,68;329,85;70;49;54;2;1;1
1120;174,77;23;40,20;214,97;72;25;54;2;1;9
1121;1000;23;230,00;1230,00;59;25;54;3;1;2
1122;178,86;23;41,14;220,00;59;25;54;2;1;2
1123;197,24;23;45,37;242,61;72;25;54;1;1;9
1124;27,63;23;6,35;33,98;18;25;54;1;1;1
1125;56,91;23;13,09;70,00;37;49;54;3;1;1
1126;287,13;23;66,04;353,17;37;49;54;2;1;1
1127;55,6;23;12,79;68,39;37;49;54;3;1;1
1128;152,84;23;35,15;187,99;18;25;54;1;1;1
1129;450;8;36,00;486,00;118;77;54;2;1;8
1130;198,8;23;45,72;244,52;18;25;54;2;1;1
1131;24,27;23;5,58;29,85;18;25;54;3;1;1
1132;81,28;23;18,69;99,97;47;25;54;3;1;9
1133;179,05;23;41,18;220,23;87;1;54;1;1;4
1134;227,08;23;52,23;279,31;70;49;54;3;1;1
1135;102,84;23;23,65;126,49;17;25;54;2;1;1
1136;86,66;23;19,93;106,59;61;25;54;1;2;1
1137;37,1;23;8,53;45,63;61;25;54;2;2;1
1138;158,44;23;36,44;194,88;53;49;54;3;2;1
1139;560,16;23;128,84;689,00;99;67;54;3;2;1
1140;48,05;23;11,05;59,10;1;25;54;3;2;1
1141;64,72;23;14,89;79,61;18;25;54;3;2;1
1142;719,15;23;165,40;884,55;18;25;54;2;2;1
1143;27,63;23;6,35;33,98;119;49;54;1;2;8
1144;241,67;23;55,58;297,25;18;25;54;2;2;1
1145;24,39;23;5,61;30,00;17;25;54;2;2;1
1146;63,3;23;14,56;77,86;107;67;54;3;2;1
1147;195,12;23;44,88;240,00;120;67;54;3;2;1
1148;122,42;23;28,16;150,58;48;25;55;1;1;9
1149;1076,32;23;247,55;1323,87;87;1;55;3;1;4
1150;100;23;23,00;123,00;106;67;55;2;1;7
1151;122,12;23;28,09;150,21;82;49;55;3;1;9
1152;20,5;23;4,72;25,22;37;49;55;2;1;1
1153;89,67;23;20,62;110,29;37;49;55;2;1;1
1154;486,18;23;111,82;598,00;102;25;55;2;1;6
1155;30,4;23;6,99;37,39;37;49;55;2;1;1
1156;81,28;23;18,69;99,97;82;49;55;3;1;9
1157;1595,3;23;366,92;1962,22;3;25;55;2;1;4
1158;235,63;23;54,19;289,82;70;49;55;3;1;1
1159;168,42;23;38,74;207,16;87;1;55;3;1;4
1160;203,7;23;46,85;250,55;57;25;55;3;1;9
1161;36,25;23;8,34;44,59;17;25;55;1;1;1
1162;122,73;23;28,23;150,96;72;25;55;2;1;9
1163;52,2;23;12,01;64,21;4;67;55;3;1;1
1164;81,3;23;18,70;100,00;72;25;55;2;1;9
1165;1439,54;23;331,09;1770,63;111;10;55;2;1;3
1166;157,47;23;36,22;193,69;87;1;55;3;1;4
1167;32,52;23;7,48;40,00;106;67;55;2;1;7
1168;187,57;23;43,14;230,71;48;25;55;3;1;9
1169;276,63;23;63,62;340,25;72;25;55;1;1;9
1170;655,09;23;150,67;805,76;18;25;55;1;2;1
1171;66,83;23;15,37;82,20;18;25;55;1;2;1
1172;42,2;23;9,71;51,91;18;25;55;1;2;8
1173;21,96;23;5,05;27,01;37;49;55;1;2;1
1174;44,31;23;10,19;54,50;37;49;55;2;2;1
1175;26,85;23;6,18;33,03;18;25;55;3;2;1
1176;157,72;23;36,28;194,00;128;9;55;1;2;8
1177;731,71;23;168,29;900,00;121;49;55;2;2;1
1178;45,81;23;10,54;56,35;18;25;55;2;2;1
1179;36,06;23;8,29;44,35;18;25;55;1;2;1
1180;373,93;23;86,00;459,93;1;25;55;1;2;1
1181;298,21;23;68,59;366,80;53;49;55;3;2;1
1182;85,85;23;19,75;105,60;1;25;55;3;2;1
1183;127,32;23;29,28;156,60;1;25;56;3;1;1
1184;1076,32;23;247,55;1323,87;87;1;56;1;1;4
1185;78,62;23;18,08;96,70;69;67;56;2;1;9
1186;40,64;23;9,35;49,99;13;25;56;3;1;1
1187;58,55;23;13,47;72,02;37;49;56;2;1;1
1188;130,07;23;29,92;159,99;47;25;56;3;1;9
1189;306;23;70,38;376,38;87;1;56;1;1;4
1190;100;23;23,00;123,00;106;67;56;3;1;7
1191;71,56;23;16,46;88,02;105;50;56;3;1;1
1192;124,89;23;28,72;153,61;47;25;56;3;1;9
1193;1595,3;23;366,92;1962,22;3;25;56;2;1;4
1194;24,52;23;5,64;30,16;37;49;56;3;1;1
1195;245,95;23;56,57;302,52;82;49;56;2;1;9
1196;122,15;23;28,09;150,24;48;25;56;3;1;9
1197;426,02;23;97,98;524,00;1;25;56;1;1;1
1198;35,08;23;8,07;43,15;20;67;56;3;1;2
1199;339,84;23;78,16;418,00;15;67;56;3;1;8
1200;122,45;23;28,16;150,61;48;25;56;1;1;9
1201;40,64;23;9,35;49,99;67;1;56;3;1;6
1202;114,9;23;26,43;141,33;69;67;56;2;1;9
1203;158,89;23;36,54;195,43;72;25;56;2;1;9
1204;71,25;23;16,39;87,64;69;67;56;2;1;9
1205;27,8;23;6,39;34,19;37;49;56;3;1;1
1206;45,03;23;10,36;55,39;37;49;56;2;1;1
1207;158,24;23;36,40;194,64;53;49;56;2;1;1
1208;200;23;46,00;246,00;3;25;56;3;1;4
1209;98,29;23;22,61;120,90;1;25;56;3;1;1
1210;265,04;23;60,96;326,00;82;49;56;2;1;9
1211;49,2;23;11,32;60,52;53;49;56;3;1;1
1212;59,85;23;13,77;73,62;1;25;56;2;1;1
1213;241,2;23;55,48;296,68;69;67;56;1;1;9
1214;46,64;23;10,73;57,37;17;25;56;1;1;1
1215;148,25;23;34,10;182,35;37;49;56;2;1;1
1216;185,64;8;14,85;200,49;87;1;56;2;1;4
1217;31,28;23;7,19;38,47;105;50;56;1;1;1
1218;272,45;23;62,66;335,11;70;49;56;2;1;1
1219;42,11;23;9,69;51,80;37;49;56;1;1;1
1220;69,13;23;15,90;85,03;37;49;56;1;1;1
1221;161,79;23;37,21;199,00;117;25;56;1;1;1
1222;731,71;8;58,54;790,25;141;67;56;1;3;1
1223;59,78;23;13,75;73,53;18;25;56;1;1;1
1224;417,93;23;96,12;514,05;53;49;57;3;1;1
1225;100;23;23,00;123,00;106;67;57;1;1;7
1226;1076,32;23;247,55;1323,87;87;1;57;2;1;4
1227;348;23;80,04;428,04;122;52;57;2;1;4
1228;105,2;23;24,20;129,40;117;25;57;1;1;1
1229;43,66;23;10,04;53,70;117;25;57;3;1;1
1230;270,36;23;62,18;332,54;70;49;57;2;1;1
1231;121,95;23;28,05;150,00;72;25;57;1;1;9
1232;46,08;23;10,60;56,68;18;25;57;3;1;1
1233;162,61;23;37,40;200,01;72;25;57;3;1;9
1234;1595,3;23;366,92;1962,22;3;25;57;1;1;4
1235;239,77;23;55,15;294,92;104;25;57;2;1;5
1236;162,61;23;37,40;200,01;48;25;57;2;1;9
1237;189,7;23;43,63;233,33;69;67;57;2;1;9
1238;59,76;23;13,74;73,50;1;25;57;3;1;1
1239;131,53;23;30,25;161,78;1;25;57;2;1;1
1240;81,27;23;18,69;99,96;72;25;57;1;1;9
1241;157,76;23;36,28;194,04;87;1;57;2;1;4
1242;60,04;23;13,81;73,85;4;67;57;3;1;1
1243;73,57;23;16,92;90,49;69;67;57;1;1;9
1244;244,16;23;56,16;300,32;72;25;57;3;1;9
1245;81,45;23;18,73;100,18;69;67;57;3;1;9
1246;157,09;23;36,13;193,22;86;21;57;3;1;6
1247;163,41;23;37,58;200,99;70;49;57;2;1;1
1248;50,81;23;11,69;62,50;117;25;57;1;1;1
1249;27,1;23;6,23;33,33;37;49;57;2;1;1
1250;162,92;23;37,47;200,39;69;67;57;3;1;9
1251;39,56;23;9,10;48,66;37;49;57;3;1;1
1252;34,37;23;7,91;42,28;18;25;57;2;2;8
1253;88,53;23;20,36;108,89;53;49;57;3;2;1
1254;87,37;23;20,10;107,47;123;27;57;1;2;1
1255;71,57;23;16,46;88,03;1;25;57;3;2;1
1256;55,28;23;12,71;67,99;42;67;57;3;2;1
1257;506,17;23;116,42;622,59;18;25;57;2;2;1
1258;360;23;82,80;442,80;122;52;58;1;1;4
1259;58,91;23;13,55;72,46;124;42;58;3;1;1
1260;100;23;23,00;123,00;106;67;58;2;1;7
1261;1076,32;23;247,55;1323,87;87;1;58;1;1;4
1262;69,09;23;15,89;84,98;18;25;58;2;1;1
1263;81,44;23;18,73;100,17;69;67;58;3;1;9
1264;64,51;23;14,84;79,35;1;25;58;1;1;1
1265;124,75;23;28,69;153,44;18;25;58;2;1;1
1266;135,69;23;31,21;166,90;18;25;58;3;1;1
1267;242,16;23;55,70;297,86;82;49;58;3;1;9
1268;439,02;23;100,97;539,99;15;67;58;2;1;8
1269;40,65;23;9,35;50,00;111;10;58;3;1;3
1270;68,62;23;15,78;84,40;125;67;58;3;1;1
1271;111,81;23;25,72;137,53;4;67;58;3;1;1
1272;90;23;20,70;110,70;126;67;58;2;1;10
1273;89,25;23;20,53;109,78;69;67;58;2;1;9
1274;47,87;23;11,01;58,88;53;49;58;2;1;1
1275;59,68;23;13,73;73,41;4;67;58;2;1;1
1276;56,5;23;13,00;69,50;86;21;58;2;1;6
1277;1595,3;23;366,92;1962,22;4;25;58;1;1;4
1278;187,54;23;43,13;230,67;87;1;58;3;1;4
1279;121,56;23;27,96;149,52;69;67;58;3;1;9
1280;28,42;23;6,54;34,96;1;25;58;2;1;1
1281;167,87;23;38,61;206,48;1;25;58;3;1;1
1282;151,67;23;34,88;186,55;13;25;58;3;1;1
1283;159,94;23;36,79;196,73;69;67;58;1;1;9
1284;81,29;23;18,70;99,99;50;25;58;2;1;1
1285;89,43;23;20,57;110,00;127;67;58;1;1;1
1286;281,09;23;64,65;345,74;48;25;58;3;1;9
1287;65,23;23;15,00;80,23;37;49;58;1;1;1
1288;121,99;23;28,06;150,05;69;67;58;3;1;9
1289;51,71;23;11,89;63,60;128;8;58;2;1;8
1290;87,32;23;20,08;107,40;101;76;58;1;1;1
1291;147,99;23;34,04;182,03;105;50;58;2;1;1
1292;42,75;23;9,83;52,58;117;25;58;3;1;1
1293;217,8;23;50,09;267,89;129;55;58;3;1;10
1294;39,64;23;9,12;48,76;18;25;58;2;1;1
1295;118,18;23;27,18;145,36;18;25;58;3;1;1
1296;81,59;23;18,77;100,36;48;25;58;2;1;9
1297;89,59;23;20,61;110,20;87;1;58;2;1;4
1298;81,46;23;18,74;100,20;48;25;58;3;1;9
1299;75;23;17,25;92,25;126;67;58;2;1;10
1300;11,46;23;2,64;14,10;53;49;58;3;1;1
1301;76,94;23;17,70;94,64;18;25;58;3;1;1
1302;80,6;23;18,54;99,14;69;67;58;1;1;9
1303;219,82;23;50,56;270,38;70;49;58;2;1;1
1304;31,71;23;7,29;39,00;105;50;58;3;2;1
1305;79,33;23;18,25;97,58;105;50;58;1;2;1
1306;72,6;23;16,70;89,30;129;55;58;1;2;10
1307;498,68;23;114,70;613,38;117;25;58;1;2;1
1308;98,68;23;22,70;121,38;117;25;58;3;2;1
1309;95,34;23;21,93;117,27;129;55;58;2;2;10
1310;148,92;23;34,25;183,17;69;67;59;1;1;9
1311;360;23;82,80;442,80;122;52;59;3;1;4
1312;196,15;23;45,11;241,26;82;49;59;3;1;9
1313;1076,32;23;247,55;1323,87;87;1;59;2;1;4
1314;121,62;23;27,97;149,59;48;25;59;3;1;9
1315;60,99;23;14,03;75,02;105;50;59;1;1;1
1316;262,02;23;60,26;322,28;48;25;59;1;1;9
1317;81,35;23;18,71;100,06;47;25;59;3;1;9
1318;100;23;23,00;123,00;106;67;59;1;1;7
1319;40,65;23;9,35;50,00;38;49;59;3;1;2
1320;16,26;23;3,74;20,00;38;49;59;3;1;2
1321;162,99;23;37,49;200,48;69;67;59;3;1;9
1322;1595,3;23;366,92;1962,22;3;25;59;1;1;4
1323;123,7;23;28,45;152,15;87;1;59;1;1;4
1324;56,72;23;13,05;69,77;105;50;59;1;1;1
1325;384,83;23;88,51;473,34;105;25;59;1;1;1
1326;162,57;23;37,39;199,96;97;21;59;3;1;9
1327;81,91;23;18,84;100,75;69;67;59;3;1;9
1328;122,47;23;28,17;150,64;47;25;59;2;1;9
1329;207;23;47,61;254,61;53;49;59;1;1;1
1330;388,94;23;89,46;478,40;18;25;59;2;1;1
1331;47,93;23;11,02;58,95;18;25;59;1;1;1
1332;243,89;23;56,09;299,98;82;49;59;3;1;9
1333;800,81;23;184,19;985,00;130;25;59;2;1;2
1334;96,23;23;22,13;118,36;4;67;59;3;1;1
1335;81,3;23;18,70;100,00;127;67;59;1;1;1
1336;162,64;23;37,41;200,05;48;25;59;3;1;9
1337;113,83;23;26,18;140,01;75;68;59;1;1;8
1338;47,49;23;10,92;58,41;1;25;59;2;1;1
1339;81,5;23;18,75;100,25;48;25;59;2;1;9
1340;1300,85;23;299,20;1600,05;13;25;59;2;2;1
1341;388,62;23;89,38;478,00;50;25;59;1;2;1
1342;177,11;23;40,74;217,85;53;49;59;1;2;1
1343;400,32;23;92,07;492,39;131;53;59;3;2;1
1344;45,52;23;10,47;55,99;53;49;59;1;2;1
1345;14,79;23;3,40;18,19;53;49;59;2;2;1
1346;164,68;23;37,88;202,56;1;25;59;3;2;1
1347;102,45;23;23,56;126,01;30;67;59;1;2;1
1348;487,8;23;112,19;599,99;75;68;59;3;2;1
1349;100;23;23,00;123,00;106;67;60;1;1;7
1350;121,96;23;28,05;150,01;48;25;60;1;1;9
1351;91,93;23;21,14;113,07;20;67;60;3;1;2
1352;325,2;23;74,80;400,00;20;67;60;3;1;2
1353;360;23;82,80;442,80;122;52;60;2;1;4
1354;1076,32;23;247,55;1323,87;87;1;60;1;1;4
1355;136,26;23;31,34;167,60;132;67;60;1;1;3
1356;233,5;23;53,71;287,21;72;25;60;1;1;9
1357;81,27;23;18,69;99,96;69;67;60;2;1;9
1358;27,81;23;6,40;34,21;37;49;60;1;1;1
1359;50,42;23;11,60;62,02;105;50;60;3;1;1
1360;40,48;23;9,31;49,79;53;49;60;3;1;1
1361;126,57;23;29,11;155,68;53;49;60;3;1;1
1362;122,19;23;28,10;150,29;47;25;60;2;1;9
1363;566,67;23;130,33;697,00;133;62;60;1;1;6
1364;22,76;23;5,23;27,99;53;49;60;1;1;1
1365;1595,3;23;366,92;1962,22;3;25;60;2;1;4
1366;20,17;23;4,64;24,81;37;49;60;2;1;1
1367;189,54;23;43,59;233,13;87;1;60;3;1;4
1368;81,42;23;18,73;100,15;48;25;60;2;1;9
1369;122,85;23;28,26;151,11;82;49;60;3;1;9
1370;291,55;23;67,06;358,61;70;49;60;1;1;1
1371;85,39;23;19,64;105,03;24;67;60;1;1;1
1372;174,75;23;40,19;214,94;87;1;60;2;1;4
1373;50;23;11,50;61,50;126;67;60;3;1;10
1374;705,69;8;56,46;762,15;100;67;60;1;3;6
1375;787,83;8;63,03;850,86;67;1;60;2;3;6
1376;360;23;82,80;442,80;122;52;61;3;1;4
1377;100;23;23,00;123,00;106;67;61;3;1;7
1378;1 076,32;23;247,55;1323,87;87;1;61;3;1;4
1379;117,67;23;27,06;144,73;48;25;61;1;1;9
1380;1 595,30;23;366,92;1962,22;3;25;61;2;1;4
1381;122;23;28,06;150,06;82;49;61;1;1;9
1382;251,84;23;57,92;309,76;70;49;61;2;1;1
1383;121,95;23;28,05;150,00;69;67;61;3;1;9
1384;76,83;23;17,67;94,50;69;67;61;3;1;9
1385;162,61;23;37,40;200,01;72;25;61;2;1;9
1386;80,43;23;18,50;98,93;13;25;61;1;2;1
1387;80,08;23;18,42;98,50;117;25;61;2;2;1
1388;24,4;23;5,61;30,01;37;49;61;1;2;1
1389;284,33;23;65,40;349,73;1;25;61;2;2;1
1390;1 076,32;23;247,55;1323,87;69;1;62;2;1;4
1391;360;23;82,80;442,80;122;52;62;1;1;4
1392;100;23;23,00;123,00;106;67;62;1;1;7
1393;96,85;23;22,28;119,13;134;25;62;3;1;8
1394;19 349,59;23;4450,41;23800,00;135;25;62;3;1;4
1395;136,8;23;31,46;168,26;117;25;62;3;1;1
1396;325,2;23;74,80;400,00;80;67;62;3;1;3
1397;242,85;5;12,14;254,99;55;25;62;2;4;3
1398;163,41;23;37,58;200,99;72;25;62;3;1;9
1399;251,31;23;57,80;309,11;72;25;62;3;1;9
1400;160,41;23;36,89;197,30;69;67;62;3;1;9
1401;813,01;23;186,99;1000,00;132;67;62;1;1;3
1402;31,08;23;7,15;38,23;119;49;62;3;1;8
1403;26,58;23;6,11;32,69;37;49;62;1;1;1
1404;162,72;23;37,43;200,15;70;49;62;2;1;1
1405;56,11;23;12,91;69,02;37;49;62;1;1;1
1406;1 595,30;23;366,92;1962,22;3;25;62;1;1;4
1407;162,59;23;37,40;199,99;70;49;62;1;1;1
1408;81,29;23;18,70;99,99;69;1;62;3;1;4
1409;24,89;23;5,72;30,61;37;49;62;1;1;1
1410;162,58;23;37,39;199,97;70;49;62;1;1;1
1411;435,03;23;100,06;535,09;18;25;62;3;1;1
1412;49,82;23;11,46;61,28;18;25;62;2;1;1
1413;218,58;23;50,27;268,85;70;49;62;2;1;1
1414;153,67;23;35,34;189,01;69;67;62;2;1;9
1415;42,65;23;9,81;52,46;1;25;62;3;1;1
1416;162,6;23;37,40;200,00;111;10;62;1;1;3
1417;146,76;23;33,75;180,51;1;25;62;1;2;1
1418;686,57;23;157,91;844,48;117;25;62;2;2;1
1419;726,62;23;167,12;893,74;117;25;62;2;2;1
1420;40,69;23;9,36;50,05;53;49;62;1;2;1
1421;100;23;23,00;123,00;106;67;63;2;1;7
1422;360;23;82,80;442,80;122;52;63;2;1;4
1423;1 076,32;23;247,55;1323,87;87;1;63;2;1;4
1424;875,09;23;201,27;1076,36;135;25;63;1;1;4
1425;90,7;23;20,86;111,56;1;25;63;2;1;1
1426;81,26;23;18,69;99,95;87;67;63;3;1;9
1427;166,67;23;38,33;205,00;57;25;63;3;1;9
1428;238,54;23;54,86;293,40;72;25;63;2;1;9
1429;49,92;23;11,48;61,40;117;25;63;3;1;1
1430;81,58;23;18,76;100,34;69;67;63;2;1;9
1431;1 595,30;23;366,92;1962,22;3;25;63;1;1;4
1432;162,89;23;37,46;200,35;70;49;63;1;1;1
1433;121,97;23;28,05;150,02;69;67;63;2;1;9
1434;84,39;23;19,41;103,80;117;25;63;2;1;1
1435;81,53;23;18,75;100,28;69;67;63;3;1;9
1436;300;23;69,00;369,00;3;25;63;1;1;4
1437;260,35;23;59,88;320,23;70;49;63;3;1;1
1438;218,85;23;50,34;269,19;18;25;63;2;1;1
1439;109,5;23;25,19;134,69;136;67;63;2;1;1
1440;97,7;8;7,82;105,52;72;25;63;2;1;9
1441;162,65;23;37,41;200,06;72;25;63;3;1;9
1442;350;23;80,50;430,50;135;25;63;1;1;4
1443;162,76;23;37,43;200,19;87;1;63;1;1;4
1444;97,57;23;22,44;120,01;57;25;63;1;1;9
1445;50;23;11,50;61,50;126;67;63;3;3;10
1446;1 763,41;23;405,58;2168,99;133;62;63;1;2;6
1447;278,57;23;64,07;342,64;55;25;63;2;2;3
1448;13,81;23;3,18;16,99;53;49;63;2;2;1
1449;13,81;23;3,18;16,99;53;49;63;3;2;1
1450;175,59;23;40,39;215,98;53;49;63;3;2;1
1451;181,66;23;41,78;223,44;53;49;63;1;2;1
1452;212,61;23;48,90;261,51;53;49;63;2;2;1
1453;143,8;23;33,07;176,87;18;25;63;1;2;1
1454;24,34;23;5,60;29,94;1;25;63;1;2;1
1455;145,76;23;33,52;179,28;1;25;63;2;2;1
1456;634,43;23;145,92;780,35;1;25;63;3;2;1
1457;107,23;23;24,66;131,89;17;25;63;2;2;1
1458;179,67;23;41,32;220,99;57;25;64;3;1;9
1459;875,09;23;201,27;1076,36;135;25;64;3;1;4
1460;100;23;23,00;123,00;106;67;64;1;1;7
1461;1 076,33;23;247,56;1323,89;87;1;64;3;1;4
1462;360;23;82,80;442,80;122;52;64;1;1;4
1463;81,28;23;18,69;99,97;48;25;64;2;1;9
1464;100,98;23;23,23;124,21;137;49;64;1;1;8
1465;65,04;23;14,96;80,00;73;49;64;3;1;1
1466;251,35;23;57,81;309,16;72;25;64;2;1;9
1467;13,08;23;3,01;16,09;137;49;64;1;1;1
1468;52,26;23;12,02;64,28;18;25;64;1;1;1
1469;32,51;23;7,48;39,99;138;25;64;2;1;2
1470;121,97;23;28,05;150,02;70;49;64;2;1;1
1471;121,95;23;28,05;150,00;72;25;64;2;1;9
1472;471,54;23;108,45;579,99;18;25;64;2;1;1
1473;91,07;23;20,95;112,02;37;49;64;1;1;1
1474;1 595,30;23;366,92;1962,22;3;25;64;1;1;4
1475;312,46;23;71,87;384,33;53;49;64;1;1;1
1476;203,27;23;46,75;250,02;70;49;64;1;1;1
1477;83,25;23;19,15;102,40;117;25;64;3;1;1
1478;103,86;23;23,89;127,75;37;49;64;2;1;1
1479;162,57;23;37,39;199,96;70;49;64;2;1;1
1480;227,66;23;52,36;280,02;70;49;64;3;1;1
1481;171,67;23;39,48;211,15;69;67;64;3;1;9
1482;162,58;23;37,39;199,97;48;25;64;2;1;9
1483;50,48;23;11,61;62,09;53;49;64;3;2;1
1484;195,22;23;44,90;240,12;53;49;64;3;2;1
1485;32,28;23;7,42;39,70;117;25;64;1;2;1
1486;89,6;23;20,61;110,21;137;49;64;3;2;1
1487;319,5;23;73,49;392,99;137;49;64;3;2;1
1488;75,61;23;17,39;93,00;53;49;64;2;2;1
1489;25,24;23;5,81;31,05;53;49;64;1;2;1
1490;132,76;23;30,53;163,29;117;25;64;2;2;1
1491;51,27;23;11,79;63,06;53;49;64;2;2;1
1492;874,92;23;201,23;1076,15;135;25;65;2;1;4
1493;360;23;82,80;442,80;122;52;65;2;1;4
1494;1 076,32;23;247,55;1323,87;69;1;65;1;1;4
1495;73,17;23;16,83;90,00;127;67;65;1;1;1
1496;107,39;23;24,70;132,09;53;49;65;3;2;1
1497;75,3;23;17,32;92,62;18;25;65;3;1;1
1498;51,2;23;11,78;62,98;72;25;65;1;1;9
1499;73,16;23;16,83;89,99;48;25;65;3;1;9
1500;121,96;23;28,05;150,01;72;25;65;3;1;9
1501;122,01;23;28,06;150,07;69;67;65;1;1;9
1502;336,69;23;77,44;414,13;18;25;65;1;1;1
1503;146,34;23;33,66;180,00;106;67;65;1;1;4
1504;1 595,30;23;366,92;1962,22;3;25;65;2;1;4
1505;91,05;23;20,94;111,99;63;36;65;1;1;1
1506;162,59;23;37,40;199,99;57;25;65;2;1;9
1507;208,1;23;47,86;255,96;69;67;65;3;1;9
1508;100,28;23;23,06;123,34;37;49;65;2;1;1
1509;253,21;23;58,24;311,45;72;25;65;2;1;9
1510;86,99;23;20,01;107,00;117;25;65;2;1;1
1511;162,64;23;37,41;200,05;81;67;65;3;1;5
1512;163,09;23;37,51;200,60;87;1;65;1;1;4
1513;51,34;23;11,81;63,15;37;49;65;2;1;1
1514;243,9;23;56,10;300,00;69;67;65;1;1;9
1515;62,37;23;14,35;76,72;37;49;65;2;1;1
1516;111,51;23;25,65;137,16;1;25;65;1;1;1
1517;163,26;23;37,55;200,81;69;67;65;2;1;9
1518;162,41;23;37,35;199,76;70;49;65;3;1;1
1519;211,39;23;48,62;260,01;35;67;65;3;1;1
1520;206,64;23;47,53;254,17;48;25;65;3;1;9
1521;813,01;23;186,99;1000,00;15;67;65;2;1;8
1522;120,89;23;27,80;148,69;20;67;65;1;1;2
1523;814,68;23;187,38;1002,06;80;67;65;3;1;3
1524;258;23;59,34;317,34;1;25;65;2;2;1
1525;31,58;23;7,26;38,84;117;25;65;2;2;1
1526;233,82;23;53,78;287,60;1;25;65;3;2;1
1527;104,2;23;23,97;128,17;37;49;65;3;2;1
1528;115,77;23;26,63;142,40;37;49;65;1;2;1
1529;1 076,32;23;247,55;1323,87;87;1;66;1;1;4
1530;874,92;23;201,23;1076,15;135;25;66;3;1;4
1531;360;23;82,80;442,80;122;52;66;1;1;4
1532;146,34;23;33,66;180,00;106;67;66;3;1;7
1533;97,62;23;22,45;120,07;4;67;66;3;1;1
1534;179,75;23;41,34;221,09;48;25;66;3;1;9
1535;162,31;8;12,98;175,29;72;25;66;1;1;9
1536;139,71;23;32,13;171,84;1;25;66;3;1;1
1537;195,12;23;44,88;240,00;15;25;66;3;1;1
1538;1 166,13;23;268,21;1434,34;1;25;66;1;1;1
1539;203,23;8;16,26;219,49;139;25;66;3;1;1
1540;162,59;23;37,40;199,99;48;25;66;1;1;1
1541;11,94;23;2,75;14,69;17;25;66;3;1;9
1542;59,43;23;13,67;73,10;17;25;66;2;1;8
1543;166,86;23;38,38;205,24;57;25;66;1;1;8
1544;234,47;23;53,93;288,40;69;67;66;1;1;9
1545;1 595,30;23;366,92;1962,22;3;25;66;2;1;9
1546;309,92;23;71,28;381,20;53;25;66;2;1;4
1547;162,69;23;37,42;200,11;70;49;66;2;1;1
1548;116,63;23;26,82;143,45;1;25;66;3;1;1
1549;76,06;23;17,49;93,55;37;49;66;2;1;1
1550;81,26;23;18,69;99,95;48;25;66;2;1;9
1551;162,59;23;37,40;199,99;69;67;66;1;1;9
1552;162,66;23;37,41;200,07;72;25;66;2;1;9
1553;121,99;23;28,06;150,05;70;49;66;2;1;1
1554;65,07;23;14,97;80,04;72;25;66;2;1;9
1555;122,03;23;28,07;150,10;82;49;66;3;1;9
1556;243,47;23;56,00;299,47;82;49;67;3;1;9
1557;360;23;82,80;442,80;122;52;67;2;1;4
1558;1 076,32;23;247,55;1323,87;87;1;67;1;1;4
1559;874,92;23;201,23;1076,15;135;25;67;2;1;4
1560;199,41;23;45,86;245,27;72;25;67;3;1;9
1561;146,34;23;33,66;180,00;106;67;67;1;1;7
1562;1 595,30;23;366,92;1962,22;3;25;67;1;1;4
1563;162,8;23;37,44;200,24;87;1;67;2;1;4
1564;66,67;23;15,33;82,00;127;67;67;2;1;1
1565;150,99;23;34,73;185,72;69;67;67;3;1;9
1566;338,87;23;77,94;416,81;72;25;67;3;1;9
1567;122,07;23;28,08;150,15;69;67;67;3;1;9
1568;82,18;23;18,90;101,08;57;25;67;3;1;9
1569;54,34;23;12,50;66,84;1;25;67;3;1;1
1570;584,55;23;134,45;719,00;100;67;67;3;1;6
1571;373,97;23;86,01;459,98;86;21;67;3;1;6
1572;1 059,35;23;243,65;1303,00;140;81;67;1;1;6
1573;121,92;23;28,04;149,96;69;67;67;1;1;9
1574;162,63;23;37,40;200,03;69;67;67;3;1;9
1575;106,6;23;24,52;131,12;37;49;67;3;1;1
1576;178,6;23;41,08;219,68;128;8;67;3;1;8
1577;154,01;23;35,42;189,43;53;49;67;3;2;1
1578;55,26;23;12,71;67,97;14;25;67;3;2;1
1579;86,1;23;19,80;105,90;117;25;67;3;2;1
1580;81,37;23;18,72;100,09;53;49;67;3;2;1
1581;105,04;23;24,16;129,20;117;25;67;2;2;1
1582;64,43;23;14,82;79,25;117;25;67;2;2;1
1583;1 076,32;23;247,55;1323,87;87;1;68;3;1;4
1584;874,92;23;201,23;1076,15;135;25;68;2;1;4
1585;360;23;82,80;442,80;122;52;68;3;1;4
1586;178,85;23;41,14;219,99;72;25;68;3;1;9
1587;401,22;23;92,28;493,50;1;25;68;2;1;1
1588;64,64;23;14,87;79,51;37;49;68;3;1;1
1589;232,35;23;53,44;285,79;70;49;68;1;1;1
1590;1 113,31;23;256,06;1369,37;132;67;68;2;1;3
1591;146,34;23;33,66;180,00;106;67;68;2;1;7
1592;187,9;23;43,22;231,12;110;89;68;1;1;8
1593;1 595,30;23;366,92;1962,22;3;25;68;1;1;4
1594;122,01;23;28,06;150,07;69;67;68;2;1;9
1595;228,82;23;52,63;281,45;111;10;68;2;1;3
1596;181,66;23;41,78;223,44;87;1;68;2;1;4
1597;218;23;50,14;268,14;48;25;68;3;1;9
1598;45,2;23;10,40;55,60;117;25;68;3;1;1
1599;90;23;20,70;110,70;141;67;68;3;1;1
1600;327,61;23;75,35;402,96;57;25;68;1;1;9
1601;70,04;23;16,11;86,15;117;25;68;3;1;1
1602;38,13;23;8,77;46,90;117;25;68;2;1;1
1603;245,57;23;56,48;302,05;70;49;68;3;1;1
1604;122,02;23;28,06;150,08;48;25;68;2;1;9
1605;81,17;23;18,67;99,84;69;67;68;2;1;9
1606;65,07;23;14,97;80,04;37;49;68;3;1;1
1607;120,38;23;27,69;148,07;117;25;68;3;1;1
1608;324,39;23;74,61;399,00;117;25;68;3;2;1
1609;162,6;23;37,40;200,00;69;67;69;2;2;9
1610;318,71;23;73,30;392,01;48;25;69;3;1;9
1611;360;23;82,80;442,80;122;52;69;2;1;4
1612;1 076,32;23;247,55;1323,87;87;1;69;2;1;4
1613;23,58;23;5,42;29,00;37;49;69;1;1;1
1614;874,92;23;201,23;1076,15;135;25;69;1;1;4
1615;81,63;23;18,77;100,40;48;25;69;1;1;9
1616;146,34;23;33,66;180,00;106;67;69;2;1;7
1617;41,06;23;9,44;50,50;105;50;69;3;1;1
1618;81,48;23;18,74;100,22;69;67;69;2;1;9
1619;325,2;23;74,80;400,00;70;49;69;2;1;1
1620;162,59;23;37,40;199,99;69;67;69;3;1;9
1621;1 595,30;23;366,92;1962,22;3;25;69;2;1;4
1622;479,67;23;110,32;589,99;142;37;69;2;1;8
1623;122,24;23;28,12;150,36;48;25;69;3;1;9
1624;162,8;23;37,44;200,24;87;1;69;3;1;4
1625;184,55;23;42,45;227,00;69;67;69;2;1;9
1626;229,98;23;52,90;282,88;69;67;69;2;1;9
1627;162,57;23;37,39;199,96;48;25;69;2;1;9
1628;149,63;23;34,41;184,04;37;49;69;3;1;1
1629;203,57;23;46,82;250,39;70;49;69;1;1;1
1630;122,05;23;28,07;150,12;48;25;69;2;1;9
1631;162,58;23;37,39;199,97;69;67;69;1;1;9
1632;76,26;23;17,54;93,80;117;25;69;1;1;1
1633;57 723,58;23;13276,42;71000,00;111;10;69;3;3;4
1634;372,34;23;85,64;457,98;117;25;69;3;2;1
1635;93,87;23;21,59;115,46;117;25;69;1;2;1
1636;1 076,32;23;247,55;1323,87;87;1;70;3;1;4
1637;360;23;82,80;442,80;122;52;70;1;1;4
1638;874,92;23;201,23;1076,15;135;25;70;1;1;4
1639;146,34;23;33,66;180,00;106;67;70;1;1;7
1640;166,64;23;38,33;204,97;82;49;70;1;1;9
1641;242,26;23;55,72;297,98;53;49;70;1;1;1
1642;121,89;23;28,03;149,92;72;25;70;1;1;9
1643;326,99;23;75,21;402,20;1;25;70;1;1;1
1644;31,08;23;7,15;38,23;13;25;70;2;1;1
1645;71,95;23;16,55;88,50;63;36;70;2;1;1
1646;155,95;23;35,87;191,82;48;25;70;1;1;9
1647;133,83;23;30,78;164,61;1;25;70;3;1;1
1648;216,59;23;49,82;266,41;1;25;70;1;1;1
1649;187,09;23;43,03;230,12;87;1;70;2;1;4
1650;1 595,30;23;366,92;1962,22;3;25;70;2;1;4
1651;54,12;23;12,45;66,57;143;67;70;3;1;1
1652;162,56;23;37,39;199,95;47;25;70;3;1;9
1653;324,39;23;74,61;399,00;117;25;70;1;1;8
1654;81,29;23;18,70;99,99;69;67;70;1;1;9
1655;81,35;23;18,71;100,06;69;67;70;3;1;9
1656;93,53;23;21,51;115,04;105;50;70;2;1;1
1657;22,54;23;5,18;27,72;53;49;70;2;1;1
1658;121,95;23;28,05;150,00;47;25;70;1;1;9
1659;179,34;23;41,25;220,59;72;25;70;3;1;9
1660;177,14;23;40,74;217,88;82;49;70;3;1;9